customer_id,first_active_date,last_active_date,usage_mins_in_first_7_days_on_platform,usage_mins_in_last_30_days,user_type,child_age
1,25-11-2021,07-11-2021,174,0,Non-Max,10
2,25-11-2021,25-12-2021,328,0,Non-Max,7
3,25-11-2021,14-02-2022,308,111,Non-Max,5
4,25-11-2021,20-01-2022,216,510,Non-Max,9
5,25-11-2021,08-12-2021,443,0,Non-Max,8
6,25-11-2021,05-02-2022,462,464,MAX,3
7,25-11-2021,26-11-2021,172,0,Non-Max,9
8,25-11-2021,11-11-2021,166,0,MAX,4
9,25-11-2021,21-11-2021,32,0,Non-Max,6
10,25-11-2021,04-01-2022,134,0,MAX,7
11,25-11-2021,01-12-2021,252,0,Non-Max,6
12,25-11-2021,02-01-2022,215,0,Non-Max,10
13,25-11-2021,19-01-2022,132,717,MAX,9
14,25-11-2021,30-11-2021,460,0,MAX,6
15,25-11-2021,21-01-2022,456,852,MAX,4
16,25-11-2021,12-02-2022,306,900,MAX,9
17,25-11-2021,31-12-2021,464,0,MAX,10
18,25-11-2021,13-12-2021,182,0,Non-Max,8
19,25-11-2021,24-11-2021,12,0,MAX,8
20,25-11-2021,27-11-2021,383,0,Non-Max,4
21,25-11-2021,23-12-2021,314,0,Non-Max,10
22,25-11-2021,24-11-2021,424,0,MAX,8
23,25-11-2021,12-12-2021,90,0,Non-Max,4
24,25-11-2021,17-11-2021,156,0,MAX,4
25,25-11-2021,17-01-2022,432,543,Non-Max,8
26,25-11-2021,10-02-2022,476,613,Non-Max,9
27,25-11-2021,10-01-2022,499,0,Non-Max,4
28,25-11-2021,29-12-2021,7,0,Non-Max,10
29,26-11-2021,25-12-2021,120,0,MAX,5
30,26-11-2021,09-11-2021,454,0,MAX,4
31,26-11-2021,05-01-2022,92,0,MAX,9
32,26-11-2021,09-01-2022,192,0,Non-Max,7
33,26-11-2021,09-01-2022,27,0,Non-Max,4
34,26-11-2021,05-02-2022,411,141,MAX,4
35,26-11-2021,03-02-2022,207,99,Non-Max,10
36,26-11-2021,14-11-2021,25,0,Non-Max,7
37,26-11-2021,19-01-2022,224,535,MAX,3
38,26-11-2021,17-12-2021,180,0,Non-Max,5
39,26-11-2021,02-02-2022,105,205,Non-Max,5
40,26-11-2021,24-11-2021,87,0,MAX,9
41,26-11-2021,23-12-2021,288,0,MAX,9
42,26-11-2021,15-01-2022,59,0,MAX,9
43,26-11-2021,07-12-2021,139,0,Non-Max,8
44,26-11-2021,09-02-2022,199,231,Non-Max,5
45,26-11-2021,17-01-2022,56,881,MAX,7
46,26-11-2021,04-12-2021,352,0,Non-Max,7
47,26-11-2021,01-02-2022,115,874,MAX,5
48,26-11-2021,09-11-2021,330,0,MAX,10
49,26-11-2021,12-02-2022,324,976,Non-Max,4
50,26-11-2021,18-11-2021,155,0,MAX,3
51,26-11-2021,18-12-2021,259,0,MAX,8
52,26-11-2021,09-02-2022,78,327,MAX,4
53,26-11-2021,03-01-2022,195,0,Non-Max,9
54,26-11-2021,15-11-2021,94,0,MAX,10
55,26-11-2021,25-01-2022,327,874,Non-Max,3
56,26-11-2021,23-01-2022,219,9,MAX,7
57,26-11-2021,15-12-2021,124,0,Non-Max,8
58,26-11-2021,14-11-2021,384,0,Non-Max,9
59,26-11-2021,05-02-2022,403,761,Non-Max,5
60,26-11-2021,07-01-2022,240,0,Non-Max,9
61,26-11-2021,28-11-2021,135,0,MAX,5
62,26-11-2021,08-12-2021,489,0,Non-Max,10
63,26-11-2021,23-11-2021,321,0,MAX,6
64,26-11-2021,30-12-2021,486,0,Non-Max,4
65,26-11-2021,11-01-2022,390,0,Non-Max,8
66,26-11-2021,02-01-2022,427,0,Non-Max,5
67,26-11-2021,07-11-2021,204,0,Non-Max,3
68,26-11-2021,09-12-2021,381,0,MAX,10
69,26-11-2021,16-11-2021,396,0,Non-Max,3
70,26-11-2021,23-12-2021,109,0,MAX,6
71,26-11-2021,06-12-2021,183,0,MAX,3
72,26-11-2021,23-01-2022,381,253,Non-Max,3
73,26-11-2021,13-11-2021,90,0,MAX,4
74,26-11-2021,31-01-2022,150,958,Non-Max,3
75,26-11-2021,01-12-2021,330,0,MAX,10
76,26-11-2021,18-12-2021,22,0,Non-Max,7
77,26-11-2021,17-11-2021,202,0,Non-Max,8
78,26-11-2021,10-11-2021,245,0,MAX,5
79,26-11-2021,10-12-2021,79,0,Non-Max,10
80,26-11-2021,07-12-2021,479,0,MAX,4
81,26-11-2021,02-02-2022,267,7,MAX,4
82,26-11-2021,07-01-2022,46,0,Non-Max,5
83,27-11-2021,03-01-2022,262,0,Non-Max,5
84,27-11-2021,10-11-2021,126,0,MAX,6
85,27-11-2021,11-12-2021,144,0,Non-Max,3
86,27-11-2021,22-01-2022,58,410,MAX,6
87,27-11-2021,09-02-2022,196,326,MAX,6
88,28-11-2021,04-12-2021,120,0,MAX,10
89,28-11-2021,12-02-2022,81,220,MAX,7
90,28-11-2021,12-02-2022,287,481,MAX,8
91,28-11-2021,14-01-2022,435,0,Non-Max,8
92,28-11-2021,13-02-2022,226,870,Non-Max,6
93,28-11-2021,09-12-2021,392,0,Non-Max,5
94,28-11-2021,19-01-2022,84,186,MAX,10
95,28-11-2021,01-01-2022,194,0,Non-Max,3
96,28-11-2021,27-12-2021,384,0,MAX,10
97,28-11-2021,23-01-2022,213,385,MAX,10
98,28-11-2021,07-11-2021,155,0,Non-Max,4
99,28-11-2021,15-11-2021,4,0,MAX,5
100,28-11-2021,12-01-2022,204,0,MAX,10
101,28-11-2021,22-11-2021,338,0,MAX,6
102,28-11-2021,03-12-2021,167,0,Non-Max,10
103,28-11-2021,17-11-2021,175,0,MAX,9
104,28-11-2021,20-12-2021,412,0,MAX,9
105,28-11-2021,31-01-2022,273,995,Non-Max,4
106,28-11-2021,25-01-2022,128,298,Non-Max,8
107,28-11-2021,18-01-2022,181,147,Non-Max,5
108,28-11-2021,06-02-2022,95,12,Non-Max,8
109,28-11-2021,25-12-2021,345,0,Non-Max,5
110,28-11-2021,11-11-2021,413,0,MAX,7
111,28-11-2021,29-12-2021,252,0,Non-Max,7
112,28-11-2021,31-01-2022,380,125,MAX,3
113,29-11-2021,14-12-2021,362,0,MAX,10
114,29-11-2021,06-01-2022,340,0,MAX,3
115,29-11-2021,22-11-2021,108,0,MAX,7
116,29-11-2021,26-01-2022,239,172,Non-Max,9
117,29-11-2021,18-01-2022,395,806,Non-Max,6
118,29-11-2021,30-12-2021,284,0,Non-Max,4
119,29-11-2021,04-12-2021,385,0,MAX,7
120,29-11-2021,19-01-2022,442,910,MAX,9
121,29-11-2021,25-12-2021,337,0,Non-Max,6
122,29-11-2021,28-01-2022,493,591,Non-Max,5
123,29-11-2021,03-01-2022,181,0,MAX,3
124,29-11-2021,21-01-2022,193,181,MAX,10
125,29-11-2021,24-12-2021,357,0,MAX,9
126,29-11-2021,25-12-2021,313,0,Non-Max,4
127,29-11-2021,17-11-2021,326,0,MAX,7
128,29-11-2021,05-01-2022,257,0,Non-Max,8
129,29-11-2021,14-11-2021,232,0,MAX,9
130,29-11-2021,07-12-2021,307,0,Non-Max,8
131,29-11-2021,24-12-2021,108,0,Non-Max,3
132,29-11-2021,30-01-2022,400,541,MAX,4
133,29-11-2021,19-01-2022,314,958,Non-Max,6
134,29-11-2021,09-12-2021,310,0,MAX,3
135,29-11-2021,26-11-2021,295,0,Non-Max,10
136,29-11-2021,31-12-2021,239,0,MAX,3
137,29-11-2021,10-02-2022,161,448,Non-Max,8
138,29-11-2021,27-11-2021,258,0,MAX,3
139,29-11-2021,25-01-2022,153,194,Non-Max,3
140,29-11-2021,17-12-2021,156,0,MAX,7
141,29-11-2021,19-01-2022,231,135,Non-Max,3
142,29-11-2021,09-01-2022,282,0,MAX,5
143,29-11-2021,23-01-2022,494,62,MAX,7
144,29-11-2021,08-12-2021,399,0,MAX,9
145,29-11-2021,08-11-2021,78,0,MAX,3
146,29-11-2021,30-11-2021,267,0,MAX,8
147,29-11-2021,12-12-2021,497,0,Non-Max,6
148,29-11-2021,06-01-2022,219,0,MAX,4
149,29-11-2021,05-02-2022,432,761,Non-Max,5
150,29-11-2021,12-11-2021,340,0,Non-Max,5
151,29-11-2021,11-01-2022,192,0,Non-Max,3
152,29-11-2021,23-12-2021,181,0,MAX,6
153,29-11-2021,13-11-2021,171,0,MAX,3
154,29-11-2021,26-11-2021,166,0,MAX,7
155,29-11-2021,01-12-2021,303,0,Non-Max,10
156,29-11-2021,09-02-2022,341,320,MAX,3
157,29-11-2021,08-02-2022,196,456,Non-Max,9
158,29-11-2021,04-12-2021,487,0,MAX,10
159,29-11-2021,12-02-2022,258,280,Non-Max,3
160,29-11-2021,10-12-2021,5,0,MAX,9
161,29-11-2021,06-02-2022,69,279,Non-Max,9
162,29-11-2021,08-02-2022,214,940,Non-Max,6
163,29-11-2021,08-02-2022,342,161,Non-Max,3
164,29-11-2021,05-02-2022,39,438,MAX,6
165,29-11-2021,24-11-2021,466,0,MAX,6
166,29-11-2021,08-02-2022,257,635,MAX,7
167,29-11-2021,21-11-2021,237,0,MAX,3
168,29-11-2021,08-12-2021,443,0,MAX,4
169,29-11-2021,01-01-2022,201,0,Non-Max,5
170,29-11-2021,12-12-2021,447,0,Non-Max,5
171,29-11-2021,14-02-2022,339,752,Non-Max,10
172,29-11-2021,11-01-2022,404,0,Non-Max,3
173,29-11-2021,01-12-2021,40,0,Non-Max,6
174,29-11-2021,04-12-2021,367,0,Non-Max,4
175,29-11-2021,26-12-2021,131,0,Non-Max,6
176,29-11-2021,15-11-2021,430,0,MAX,8
177,29-11-2021,24-12-2021,13,0,MAX,5
178,29-11-2021,19-12-2021,494,0,MAX,5
179,29-11-2021,06-12-2021,124,0,MAX,10
180,29-11-2021,15-02-2022,112,868,MAX,3
181,29-11-2021,31-12-2021,325,0,MAX,9
182,29-11-2021,28-01-2022,337,426,MAX,5
183,29-11-2021,14-12-2021,134,0,MAX,3
184,29-11-2021,02-01-2022,21,0,Non-Max,4
185,29-11-2021,02-02-2022,54,263,Non-Max,5
186,29-11-2021,25-11-2021,486,0,Non-Max,7
187,29-11-2021,12-11-2021,13,0,Non-Max,9
188,29-11-2021,31-01-2022,267,714,MAX,9
189,29-11-2021,09-12-2021,33,0,Non-Max,7
190,29-11-2021,13-12-2021,197,0,Non-Max,6
191,29-11-2021,25-12-2021,268,0,Non-Max,5
192,29-11-2021,04-12-2021,445,0,Non-Max,5
193,29-11-2021,21-12-2021,428,0,Non-Max,8
194,29-11-2021,31-01-2022,196,255,MAX,7
195,29-11-2021,14-12-2021,460,0,Non-Max,9
196,29-11-2021,30-12-2021,151,0,MAX,6
197,29-11-2021,09-12-2021,153,0,Non-Max,9
198,29-11-2021,03-01-2022,320,0,Non-Max,9
199,29-11-2021,10-02-2022,51,526,Non-Max,9
200,29-11-2021,29-01-2022,30,117,MAX,8
201,29-11-2021,31-12-2021,172,0,MAX,5
202,29-11-2021,15-02-2022,463,173,Non-Max,4
203,29-11-2021,31-01-2022,446,682,Non-Max,10
204,29-11-2021,24-11-2021,493,0,Non-Max,5
205,29-11-2021,26-11-2021,408,0,MAX,5
206,29-11-2021,22-01-2022,251,3,MAX,10
207,29-11-2021,30-12-2021,451,0,MAX,7
208,29-11-2021,05-02-2022,157,351,Non-Max,4
209,29-11-2021,24-11-2021,8,0,MAX,3
210,29-11-2021,10-02-2022,322,166,Non-Max,5
211,29-11-2021,01-01-2022,316,0,MAX,9
212,29-11-2021,23-12-2021,368,0,Non-Max,7
213,29-11-2021,11-01-2022,447,0,Non-Max,6
214,29-11-2021,16-11-2021,21,0,MAX,4
215,29-11-2021,15-01-2022,304,0,Non-Max,7
216,29-11-2021,19-01-2022,43,544,Non-Max,7
217,29-11-2021,05-02-2022,446,800,MAX,5
218,29-11-2021,25-01-2022,311,533,Non-Max,10
219,29-11-2021,02-02-2022,360,410,MAX,7
220,29-11-2021,14-12-2021,388,0,Non-Max,4
221,29-11-2021,25-01-2022,226,237,Non-Max,6
222,29-11-2021,01-02-2022,2,665,MAX,4
223,29-11-2021,06-01-2022,166,0,MAX,7
224,29-11-2021,30-01-2022,156,135,MAX,6
225,29-11-2021,26-01-2022,497,928,MAX,5
226,29-11-2021,13-01-2022,264,0,Non-Max,7
227,29-11-2021,17-11-2021,453,0,MAX,4
228,29-11-2021,10-01-2022,293,0,Non-Max,5
229,29-11-2021,15-12-2021,286,0,Non-Max,7
230,29-11-2021,16-12-2021,218,0,Non-Max,3
231,29-11-2021,24-12-2021,248,0,Non-Max,10
232,29-11-2021,04-02-2022,399,404,MAX,3
233,29-11-2021,19-11-2021,495,0,Non-Max,3
234,29-11-2021,14-11-2021,70,0,Non-Max,3
235,29-11-2021,11-11-2021,68,0,MAX,8
236,29-11-2021,16-12-2021,374,0,MAX,6
237,29-11-2021,03-12-2021,206,0,MAX,10
238,29-11-2021,11-01-2022,442,0,Non-Max,5
239,29-11-2021,14-11-2021,71,0,Non-Max,8
240,29-11-2021,03-12-2021,353,0,Non-Max,10
241,29-11-2021,25-11-2021,126,0,MAX,10
242,29-11-2021,02-12-2021,294,0,MAX,3
243,29-11-2021,01-02-2022,171,471,MAX,8
244,29-11-2021,31-01-2022,272,533,MAX,3
245,29-11-2021,09-01-2022,481,0,Non-Max,4
246,29-11-2021,04-01-2022,113,0,MAX,6
247,29-11-2021,19-01-2022,16,823,MAX,9
248,29-11-2021,29-01-2022,336,902,Non-Max,5
249,29-11-2021,19-01-2022,17,429,MAX,7
250,29-11-2021,12-01-2022,241,0,MAX,9
251,29-11-2021,04-01-2022,318,0,Non-Max,3
252,29-11-2021,12-12-2021,416,0,MAX,3
253,29-11-2021,13-12-2021,249,0,Non-Max,4
254,29-11-2021,19-01-2022,161,210,Non-Max,10
255,29-11-2021,26-01-2022,164,832,MAX,6
256,29-11-2021,22-12-2021,489,0,MAX,5
257,29-11-2021,10-02-2022,148,282,MAX,9
258,29-11-2021,04-01-2022,298,0,MAX,3
259,29-11-2021,01-12-2021,379,0,MAX,10
260,29-11-2021,24-11-2021,77,0,Non-Max,8
261,29-11-2021,11-02-2022,313,36,MAX,6
262,29-11-2021,30-01-2022,340,826,Non-Max,10
263,29-11-2021,24-01-2022,145,218,Non-Max,7
264,29-11-2021,28-12-2021,268,0,MAX,6
265,29-11-2021,11-12-2021,366,0,MAX,9
266,29-11-2021,23-12-2021,14,0,Non-Max,5
267,29-11-2021,16-01-2022,289,39,MAX,5
268,29-11-2021,17-11-2021,37,0,Non-Max,3
269,29-11-2021,18-01-2022,201,506,MAX,3
270,29-11-2021,25-11-2021,144,0,MAX,4
271,29-11-2021,21-11-2021,337,0,Non-Max,4
272,29-11-2021,20-12-2021,176,0,MAX,10
273,29-11-2021,15-02-2022,351,280,MAX,4
274,29-11-2021,22-01-2022,106,702,MAX,9
275,29-11-2021,04-02-2022,271,964,MAX,10
276,30-11-2021,02-12-2021,262,0,MAX,10
277,30-11-2021,08-11-2021,332,0,Non-Max,7
278,30-11-2021,17-12-2021,151,0,MAX,6
279,30-11-2021,21-12-2021,329,0,MAX,7
280,30-11-2021,02-02-2022,125,809,Non-Max,9
281,01-12-2021,08-12-2021,464,0,MAX,6
282,01-12-2021,25-01-2022,388,912,Non-Max,3
283,01-12-2021,25-12-2021,290,0,MAX,8
284,01-12-2021,19-11-2021,47,0,Non-Max,5
285,01-12-2021,13-02-2022,192,802,Non-Max,7
286,01-12-2021,15-01-2022,260,0,MAX,8
287,01-12-2021,24-12-2021,392,0,Non-Max,9
288,01-12-2021,11-01-2022,54,0,MAX,9
289,01-12-2021,15-12-2021,346,0,Non-Max,7
290,01-12-2021,22-11-2021,181,0,Non-Max,10
291,01-12-2021,16-01-2022,138,215,Non-Max,3
292,01-12-2021,15-11-2021,196,0,Non-Max,9
293,01-12-2021,25-11-2021,136,0,MAX,10
294,01-12-2021,25-12-2021,229,0,MAX,6
295,01-12-2021,15-12-2021,63,0,MAX,10
296,01-12-2021,15-11-2021,1,0,Non-Max,5
297,01-12-2021,24-11-2021,259,0,Non-Max,8
298,01-12-2021,07-12-2021,99,0,Non-Max,10
299,01-12-2021,26-11-2021,155,0,Non-Max,4
300,01-12-2021,16-01-2022,188,225,MAX,7
301,01-12-2021,25-11-2021,59,0,MAX,4
302,01-12-2021,05-01-2022,151,0,MAX,3
303,01-12-2021,06-12-2021,421,0,Non-Max,4
304,01-12-2021,05-12-2021,158,0,Non-Max,10
305,01-12-2021,09-11-2021,6,0,Non-Max,3
306,01-12-2021,10-12-2021,94,0,Non-Max,8
307,01-12-2021,07-02-2022,339,757,Non-Max,8
308,01-12-2021,15-12-2021,164,0,Non-Max,9
309,01-12-2021,05-12-2021,474,0,MAX,7
310,01-12-2021,04-01-2022,215,0,Non-Max,6
311,01-12-2021,17-01-2022,341,69,Non-Max,9
312,01-12-2021,04-02-2022,372,720,Non-Max,7
313,01-12-2021,19-12-2021,96,0,Non-Max,8
314,01-12-2021,02-02-2022,79,554,Non-Max,5
315,01-12-2021,16-11-2021,217,0,MAX,10
316,01-12-2021,14-11-2021,208,0,MAX,7
317,01-12-2021,14-02-2022,169,524,Non-Max,5
318,01-12-2021,06-12-2021,177,0,Non-Max,8
319,01-12-2021,22-11-2021,261,0,Non-Max,3
320,01-12-2021,13-12-2021,469,0,MAX,4
321,01-12-2021,02-01-2022,377,0,Non-Max,10
322,01-12-2021,11-01-2022,343,0,MAX,8
323,01-12-2021,28-01-2022,47,842,MAX,5
324,01-12-2021,19-11-2021,403,0,Non-Max,6
325,01-12-2021,30-01-2022,71,372,Non-Max,10
326,01-12-2021,11-12-2021,73,0,MAX,5
327,02-12-2021,24-01-2022,172,958,MAX,4
328,02-12-2021,04-01-2022,449,0,MAX,7
329,02-12-2021,03-12-2021,435,0,Non-Max,4
330,02-12-2021,24-11-2021,338,0,MAX,7
331,02-12-2021,05-12-2021,201,0,Non-Max,5
332,02-12-2021,01-12-2021,149,0,MAX,7
333,02-12-2021,15-02-2022,387,773,Non-Max,9
334,02-12-2021,23-01-2022,181,494,MAX,4
335,02-12-2021,31-12-2021,192,0,MAX,9
336,02-12-2021,01-02-2022,112,886,MAX,10
337,02-12-2021,25-12-2021,67,0,MAX,5
338,02-12-2021,09-11-2021,354,0,Non-Max,6
339,02-12-2021,27-11-2021,241,0,MAX,9
340,02-12-2021,18-11-2021,69,0,Non-Max,6
341,02-12-2021,27-01-2022,205,66,Non-Max,6
342,02-12-2021,05-01-2022,107,0,Non-Max,9
343,02-12-2021,08-01-2022,101,0,Non-Max,7
344,02-12-2021,14-01-2022,490,0,MAX,9
345,02-12-2021,12-02-2022,237,698,MAX,8
346,02-12-2021,22-11-2021,68,0,Non-Max,5
347,02-12-2021,14-02-2022,370,545,Non-Max,9
348,02-12-2021,27-11-2021,459,0,MAX,5
349,02-12-2021,09-11-2021,66,0,Non-Max,6
350,02-12-2021,08-12-2021,281,0,MAX,10
351,02-12-2021,17-12-2021,448,0,Non-Max,6
352,02-12-2021,12-12-2021,73,0,Non-Max,9
353,02-12-2021,05-01-2022,449,0,MAX,5
354,03-12-2021,15-11-2021,478,0,MAX,7
355,03-12-2021,29-01-2022,303,342,Non-Max,4
356,03-12-2021,16-01-2022,197,120,Non-Max,4
357,03-12-2021,01-12-2021,476,0,MAX,7
358,03-12-2021,24-11-2021,226,0,MAX,3
359,03-12-2021,07-01-2022,281,0,Non-Max,5
360,03-12-2021,14-12-2021,232,0,MAX,9
361,03-12-2021,05-12-2021,449,0,MAX,4
362,03-12-2021,20-11-2021,450,0,MAX,6
363,03-12-2021,16-11-2021,422,0,MAX,8
364,03-12-2021,02-02-2022,377,974,MAX,6
365,03-12-2021,08-12-2021,381,0,Non-Max,7
366,03-12-2021,07-01-2022,135,0,MAX,7
367,03-12-2021,10-02-2022,407,769,MAX,3
368,03-12-2021,07-01-2022,498,0,MAX,10
369,03-12-2021,10-12-2021,19,0,MAX,10
370,03-12-2021,19-11-2021,96,0,Non-Max,6
371,03-12-2021,17-11-2021,448,0,MAX,8
372,03-12-2021,13-11-2021,163,0,MAX,7
373,03-12-2021,31-01-2022,486,675,Non-Max,10
374,03-12-2021,14-11-2021,122,0,MAX,7
375,03-12-2021,11-01-2022,174,0,MAX,4
376,03-12-2021,06-01-2022,122,0,MAX,6
377,03-12-2021,08-11-2021,339,0,Non-Max,4
378,03-12-2021,22-01-2022,140,472,Non-Max,5
379,03-12-2021,04-02-2022,377,811,Non-Max,6
380,03-12-2021,01-01-2022,97,0,Non-Max,4
381,03-12-2021,12-11-2021,305,0,MAX,5
382,03-12-2021,03-02-2022,119,470,Non-Max,9
383,03-12-2021,06-12-2021,213,0,MAX,6
384,03-12-2021,26-11-2021,168,0,Non-Max,3
385,03-12-2021,06-02-2022,129,164,MAX,8
386,03-12-2021,30-12-2021,387,0,Non-Max,4
387,03-12-2021,20-11-2021,183,0,Non-Max,5
388,03-12-2021,03-12-2021,239,0,Non-Max,3
389,03-12-2021,15-11-2021,189,0,Non-Max,7
390,03-12-2021,27-01-2022,270,510,Non-Max,10
391,03-12-2021,24-11-2021,467,0,Non-Max,5
392,03-12-2021,11-01-2022,190,0,Non-Max,5
393,03-12-2021,14-12-2021,498,0,MAX,4
394,03-12-2021,04-01-2022,492,0,Non-Max,3
395,03-12-2021,18-12-2021,452,0,Non-Max,10
396,03-12-2021,28-01-2022,215,620,MAX,8
397,03-12-2021,30-01-2022,448,622,MAX,6
398,03-12-2021,07-02-2022,300,610,Non-Max,6
399,03-12-2021,25-11-2021,330,0,Non-Max,10
400,03-12-2021,30-11-2021,469,0,MAX,3
401,03-12-2021,13-02-2022,23,170,MAX,5
402,03-12-2021,14-01-2022,364,0,MAX,4
403,03-12-2021,30-11-2021,204,0,Non-Max,3
404,03-12-2021,08-01-2022,329,0,MAX,9
405,03-12-2021,16-01-2022,485,696,MAX,4
406,03-12-2021,05-02-2022,312,654,Non-Max,10
407,03-12-2021,20-12-2021,163,0,MAX,7
408,03-12-2021,18-01-2022,230,822,Non-Max,9
409,03-12-2021,10-12-2021,242,0,MAX,9
410,03-12-2021,13-01-2022,190,0,Non-Max,7
411,03-12-2021,17-11-2021,150,0,MAX,7
412,03-12-2021,05-01-2022,151,0,MAX,10
413,03-12-2021,26-11-2021,471,0,Non-Max,9
414,03-12-2021,01-12-2021,271,0,MAX,7
415,03-12-2021,02-01-2022,211,0,Non-Max,5
416,03-12-2021,15-01-2022,41,0,MAX,5
417,03-12-2021,11-12-2021,105,0,MAX,6
418,03-12-2021,29-12-2021,337,0,Non-Max,5
419,03-12-2021,01-02-2022,396,70,MAX,3
420,03-12-2021,12-01-2022,397,0,Non-Max,7
421,03-12-2021,22-12-2021,451,0,MAX,10
422,03-12-2021,05-12-2021,27,0,MAX,7
423,03-12-2021,01-12-2021,145,0,Non-Max,7
424,03-12-2021,29-11-2021,321,0,Non-Max,9
425,03-12-2021,08-12-2021,349,0,Non-Max,9
426,03-12-2021,27-11-2021,115,0,MAX,5
427,03-12-2021,07-12-2021,128,0,Non-Max,5
428,03-12-2021,18-01-2022,195,783,Non-Max,4
429,03-12-2021,22-11-2021,60,0,Non-Max,8
430,03-12-2021,14-01-2022,273,0,MAX,3
431,03-12-2021,09-11-2021,39,0,Non-Max,8
432,03-12-2021,15-12-2021,500,0,MAX,5
433,03-12-2021,12-01-2022,241,0,Non-Max,10
434,03-12-2021,04-02-2022,394,141,MAX,8
435,03-12-2021,24-11-2021,446,0,Non-Max,3
436,03-12-2021,14-01-2022,212,0,MAX,7
437,03-12-2021,26-01-2022,22,292,Non-Max,10
438,03-12-2021,21-01-2022,432,358,MAX,10
439,03-12-2021,15-12-2021,300,0,Non-Max,8
440,03-12-2021,29-01-2022,298,623,Non-Max,10
441,03-12-2021,30-01-2022,306,795,MAX,8
442,03-12-2021,12-01-2022,382,0,Non-Max,7
443,03-12-2021,08-02-2022,214,291,Non-Max,7
444,03-12-2021,07-11-2021,338,0,Non-Max,4
445,03-12-2021,12-11-2021,42,0,MAX,7
446,03-12-2021,19-11-2021,137,0,MAX,5
447,03-12-2021,17-12-2021,490,0,MAX,3
448,03-12-2021,30-11-2021,87,0,MAX,9
449,03-12-2021,25-11-2021,392,0,MAX,9
450,03-12-2021,11-11-2021,321,0,Non-Max,4
451,03-12-2021,17-01-2022,227,289,Non-Max,9
452,03-12-2021,07-01-2022,428,0,MAX,6
453,04-12-2021,13-02-2022,434,809,MAX,7
454,04-12-2021,30-01-2022,58,979,Non-Max,6
455,04-12-2021,26-01-2022,148,896,Non-Max,3
456,04-12-2021,14-11-2021,460,0,MAX,5
457,04-12-2021,05-01-2022,250,0,Non-Max,4
458,04-12-2021,13-02-2022,268,357,Non-Max,8
459,04-12-2021,17-12-2021,162,0,Non-Max,10
460,04-12-2021,17-11-2021,226,0,Non-Max,10
461,04-12-2021,04-01-2022,16,0,MAX,4
462,04-12-2021,31-01-2022,454,512,MAX,5
463,04-12-2021,23-01-2022,204,158,MAX,6
464,04-12-2021,09-01-2022,350,0,Non-Max,5
465,04-12-2021,01-02-2022,430,417,MAX,5
466,04-12-2021,08-01-2022,163,0,Non-Max,10
467,04-12-2021,06-12-2021,79,0,MAX,7
468,04-12-2021,03-02-2022,305,436,Non-Max,6
469,04-12-2021,21-12-2021,428,0,Non-Max,3
470,04-12-2021,26-12-2021,84,0,Non-Max,8
471,04-12-2021,18-01-2022,111,820,Non-Max,9
472,05-12-2021,12-02-2022,187,131,MAX,7
473,05-12-2021,26-11-2021,233,0,MAX,8
474,05-12-2021,05-01-2022,336,0,Non-Max,4
475,05-12-2021,12-11-2021,90,0,Non-Max,10
476,06-12-2021,01-02-2022,80,86,Non-Max,10
477,07-12-2021,05-02-2022,112,555,Non-Max,9
478,07-12-2021,13-02-2022,173,368,MAX,6
479,07-12-2021,30-11-2021,123,0,Non-Max,5
480,07-12-2021,11-02-2022,340,476,Non-Max,6
481,07-12-2021,09-11-2021,321,0,MAX,5
482,07-12-2021,05-12-2021,285,0,Non-Max,4
483,07-12-2021,31-12-2021,148,0,Non-Max,6
484,07-12-2021,26-01-2022,359,803,MAX,3
485,07-12-2021,28-01-2022,149,339,MAX,3
486,07-12-2021,08-12-2021,465,0,Non-Max,4
487,07-12-2021,22-12-2021,150,0,MAX,8
488,07-12-2021,25-12-2021,394,0,Non-Max,4
489,07-12-2021,16-11-2021,133,0,MAX,7
490,07-12-2021,11-02-2022,454,930,Non-Max,4
491,07-12-2021,08-01-2022,457,0,MAX,6
492,07-12-2021,09-01-2022,254,0,Non-Max,4
493,07-12-2021,22-01-2022,340,64,Non-Max,3
494,07-12-2021,13-11-2021,107,0,MAX,8
495,07-12-2021,05-01-2022,55,0,Non-Max,9
496,08-12-2021,10-12-2021,204,0,MAX,9
497,08-12-2021,09-02-2022,165,346,Non-Max,6
498,08-12-2021,18-01-2022,182,617,Non-Max,9
499,08-12-2021,03-02-2022,444,260,MAX,7
500,08-12-2021,01-02-2022,138,516,Non-Max,3
501,08-12-2021,07-11-2021,445,0,MAX,5
502,08-12-2021,24-12-2021,378,0,Non-Max,7
503,08-12-2021,09-01-2022,222,0,MAX,3
504,08-12-2021,27-01-2022,487,527,Non-Max,7
505,08-12-2021,12-12-2021,348,0,Non-Max,6
506,08-12-2021,18-11-2021,199,0,MAX,4
507,08-12-2021,07-12-2021,230,0,MAX,6
508,08-12-2021,10-11-2021,310,0,MAX,8
509,08-12-2021,29-11-2021,350,0,Non-Max,3
510,08-12-2021,22-01-2022,258,967,Non-Max,10
511,08-12-2021,09-11-2021,97,0,Non-Max,5
512,08-12-2021,27-12-2021,473,0,Non-Max,9
513,08-12-2021,29-01-2022,19,458,Non-Max,5
514,08-12-2021,28-12-2021,8,0,MAX,7
515,08-12-2021,29-11-2021,59,0,Non-Max,4
516,08-12-2021,07-01-2022,226,0,Non-Max,7
517,08-12-2021,27-01-2022,121,721,MAX,3
518,08-12-2021,30-12-2021,43,0,Non-Max,10
519,08-12-2021,12-12-2021,416,0,MAX,7
520,08-12-2021,20-12-2021,460,0,Non-Max,3
521,08-12-2021,03-02-2022,443,184,MAX,7
522,08-12-2021,24-12-2021,81,0,Non-Max,6
523,08-12-2021,04-12-2021,135,0,Non-Max,6
524,08-12-2021,02-12-2021,56,0,MAX,5
525,08-12-2021,28-11-2021,468,0,MAX,8
526,08-12-2021,16-01-2022,96,782,MAX,6
527,08-12-2021,12-12-2021,220,0,MAX,5
528,08-12-2021,15-01-2022,103,0,MAX,6
529,08-12-2021,31-12-2021,352,0,MAX,3
530,08-12-2021,21-01-2022,249,227,Non-Max,8
531,08-12-2021,28-01-2022,241,161,MAX,6
532,08-12-2021,19-11-2021,290,0,MAX,3
533,08-12-2021,05-02-2022,166,696,Non-Max,4
534,08-12-2021,21-11-2021,465,0,Non-Max,10
535,08-12-2021,14-11-2021,204,0,MAX,5
536,08-12-2021,28-11-2021,75,0,Non-Max,5
537,08-12-2021,19-12-2021,269,0,MAX,3
538,08-12-2021,04-01-2022,391,0,MAX,5
539,08-12-2021,26-01-2022,229,729,MAX,3
540,08-12-2021,27-11-2021,499,0,MAX,4
541,08-12-2021,12-12-2021,426,0,MAX,4
542,08-12-2021,01-01-2022,75,0,Non-Max,10
543,08-12-2021,10-11-2021,48,0,MAX,8
544,08-12-2021,11-12-2021,452,0,MAX,10
545,08-12-2021,11-01-2022,312,0,Non-Max,9
546,08-12-2021,15-12-2021,239,0,Non-Max,5
547,08-12-2021,10-01-2022,357,0,MAX,5
548,08-12-2021,23-01-2022,355,997,Non-Max,4
549,08-12-2021,06-12-2021,362,0,MAX,8
550,08-12-2021,07-01-2022,256,0,MAX,8
551,08-12-2021,09-02-2022,238,70,MAX,10
552,08-12-2021,23-11-2021,361,0,Non-Max,9
553,08-12-2021,22-12-2021,343,0,Non-Max,9
554,08-12-2021,14-02-2022,167,660,MAX,7
555,08-12-2021,02-01-2022,296,0,MAX,10
556,08-12-2021,11-11-2021,376,0,MAX,4
557,08-12-2021,26-01-2022,264,213,MAX,6
558,08-12-2021,13-02-2022,146,371,Non-Max,10
559,08-12-2021,12-11-2021,5,0,MAX,10
560,08-12-2021,07-11-2021,258,0,Non-Max,10
561,08-12-2021,21-11-2021,91,0,Non-Max,7
562,08-12-2021,29-12-2021,496,0,MAX,6
563,08-12-2021,28-12-2021,474,0,Non-Max,6
564,08-12-2021,07-02-2022,96,201,MAX,6
565,08-12-2021,18-12-2021,481,0,Non-Max,6
566,08-12-2021,07-01-2022,0,0,Non-Max,7
567,08-12-2021,05-12-2021,369,0,MAX,4
568,08-12-2021,04-12-2021,491,0,Non-Max,3
569,08-12-2021,31-12-2021,284,0,MAX,4
570,08-12-2021,10-11-2021,333,0,Non-Max,4
571,08-12-2021,11-01-2022,164,0,MAX,3
572,08-12-2021,14-02-2022,174,851,MAX,8
573,08-12-2021,18-12-2021,144,0,MAX,4
574,08-12-2021,19-01-2022,468,970,Non-Max,7
575,08-12-2021,13-12-2021,102,0,Non-Max,9
576,09-12-2021,06-02-2022,47,836,MAX,9
577,09-12-2021,28-12-2021,462,0,MAX,5
578,09-12-2021,14-01-2022,189,0,Non-Max,5
579,09-12-2021,18-11-2021,458,0,MAX,10
580,09-12-2021,11-12-2021,48,0,MAX,10
581,09-12-2021,30-01-2022,87,116,Non-Max,5
582,09-12-2021,17-12-2021,352,0,MAX,7
583,09-12-2021,28-12-2021,184,0,MAX,10
584,09-12-2021,21-01-2022,34,118,MAX,4
585,09-12-2021,22-11-2021,109,0,MAX,6
586,09-12-2021,06-01-2022,373,0,MAX,4
587,09-12-2021,10-12-2021,404,0,MAX,8
588,09-12-2021,08-01-2022,160,0,Non-Max,7
589,09-12-2021,11-11-2021,446,0,Non-Max,5
590,09-12-2021,04-12-2021,93,0,Non-Max,6
591,09-12-2021,24-11-2021,389,0,MAX,6
592,09-12-2021,20-11-2021,82,0,Non-Max,10
593,09-12-2021,15-02-2022,439,612,Non-Max,9
594,09-12-2021,10-11-2021,235,0,Non-Max,9
595,09-12-2021,26-01-2022,277,157,MAX,7
596,09-12-2021,17-11-2021,45,0,MAX,3
597,09-12-2021,05-01-2022,0,0,MAX,5
598,09-12-2021,30-12-2021,345,0,Non-Max,4
599,09-12-2021,14-02-2022,370,761,Non-Max,7
600,09-12-2021,24-01-2022,157,844,Non-Max,8
601,09-12-2021,10-02-2022,291,988,Non-Max,10
602,09-12-2021,28-01-2022,140,285,Non-Max,4
603,09-12-2021,25-11-2021,470,0,MAX,10
604,09-12-2021,20-12-2021,174,0,Non-Max,3
605,09-12-2021,17-01-2022,424,597,Non-Max,7
606,09-12-2021,15-11-2021,229,0,Non-Max,4
607,09-12-2021,16-11-2021,318,0,MAX,8
608,09-12-2021,29-12-2021,122,0,Non-Max,10
609,09-12-2021,17-01-2022,276,707,MAX,5
610,09-12-2021,11-01-2022,391,0,MAX,8
611,09-12-2021,21-12-2021,33,0,MAX,4
612,09-12-2021,24-12-2021,257,0,MAX,9
613,09-12-2021,02-01-2022,141,0,Non-Max,8
614,09-12-2021,29-01-2022,433,18,Non-Max,5
615,09-12-2021,26-12-2021,445,0,Non-Max,3
616,09-12-2021,21-11-2021,319,0,MAX,7
617,09-12-2021,24-01-2022,20,205,MAX,9
618,09-12-2021,03-01-2022,473,0,Non-Max,7
619,09-12-2021,09-01-2022,280,0,MAX,3
620,09-12-2021,21-12-2021,5,0,Non-Max,4
621,09-12-2021,10-12-2021,252,0,Non-Max,8
622,09-12-2021,20-01-2022,154,125,MAX,7
623,09-12-2021,19-01-2022,63,292,MAX,3
624,09-12-2021,10-12-2021,335,0,Non-Max,8
625,09-12-2021,26-11-2021,186,0,Non-Max,6
626,09-12-2021,16-01-2022,447,117,MAX,3
627,10-12-2021,29-12-2021,485,0,Non-Max,5
628,10-12-2021,13-02-2022,231,114,MAX,6
629,10-12-2021,10-02-2022,342,435,MAX,3
630,10-12-2021,06-12-2021,457,0,Non-Max,7
631,10-12-2021,25-01-2022,382,132,Non-Max,9
632,10-12-2021,23-01-2022,64,78,MAX,10
633,10-12-2021,23-11-2021,457,0,MAX,10
634,10-12-2021,24-11-2021,403,0,MAX,8
635,10-12-2021,08-01-2022,29,0,Non-Max,6
636,10-12-2021,19-12-2021,59,0,Non-Max,10
637,10-12-2021,04-02-2022,234,435,MAX,10
638,10-12-2021,22-01-2022,14,829,MAX,7
639,10-12-2021,04-01-2022,467,0,MAX,6
640,10-12-2021,24-01-2022,171,426,MAX,5
641,10-12-2021,16-11-2021,438,0,MAX,4
642,10-12-2021,07-11-2021,376,0,MAX,8
643,10-12-2021,23-12-2021,452,0,Non-Max,4
644,10-12-2021,10-02-2022,61,951,Non-Max,3
645,10-12-2021,21-01-2022,270,901,Non-Max,10
646,10-12-2021,04-01-2022,488,0,Non-Max,10
647,10-12-2021,09-12-2021,390,0,Non-Max,10
648,10-12-2021,07-01-2022,387,0,Non-Max,7
649,10-12-2021,29-12-2021,142,0,Non-Max,3
650,10-12-2021,08-12-2021,17,0,MAX,3
651,10-12-2021,04-01-2022,311,0,MAX,8
652,10-12-2021,13-01-2022,67,0,Non-Max,10
653,10-12-2021,26-01-2022,109,555,MAX,7
654,10-12-2021,01-02-2022,458,378,Non-Max,6
655,10-12-2021,22-11-2021,265,0,MAX,8
656,10-12-2021,07-11-2021,198,0,Non-Max,6
657,10-12-2021,02-02-2022,197,936,Non-Max,8
658,10-12-2021,19-01-2022,0,87,Non-Max,5
659,10-12-2021,15-11-2021,432,0,MAX,4
660,10-12-2021,15-11-2021,222,0,MAX,6
661,10-12-2021,13-12-2021,36,0,Non-Max,4
662,10-12-2021,06-02-2022,234,50,Non-Max,6
663,11-12-2021,08-12-2021,484,0,MAX,5
664,11-12-2021,19-11-2021,65,0,MAX,10
665,11-12-2021,19-01-2022,144,513,Non-Max,8
666,11-12-2021,10-12-2021,116,0,MAX,5
667,11-12-2021,22-11-2021,47,0,Non-Max,3
668,11-12-2021,19-11-2021,47,0,MAX,5
669,11-12-2021,15-12-2021,192,0,Non-Max,7
670,11-12-2021,24-12-2021,350,0,Non-Max,10
671,11-12-2021,23-11-2021,135,0,MAX,9
672,11-12-2021,15-11-2021,357,0,Non-Max,5
673,11-12-2021,29-11-2021,419,0,MAX,3
674,11-12-2021,12-11-2021,320,0,MAX,7
675,11-12-2021,05-12-2021,90,0,Non-Max,7
676,11-12-2021,14-11-2021,172,0,Non-Max,6
677,11-12-2021,13-02-2022,136,384,Non-Max,10
678,11-12-2021,06-12-2021,463,0,Non-Max,9
679,11-12-2021,10-12-2021,435,0,MAX,10
680,11-12-2021,10-12-2021,433,0,MAX,7
681,11-12-2021,14-02-2022,177,367,MAX,8
682,11-12-2021,31-12-2021,198,0,Non-Max,10
683,11-12-2021,05-01-2022,467,0,MAX,4
684,11-12-2021,09-12-2021,181,0,Non-Max,7
685,11-12-2021,31-12-2021,254,0,MAX,10
686,11-12-2021,01-02-2022,421,378,MAX,10
687,11-12-2021,30-01-2022,308,38,MAX,8
688,11-12-2021,23-12-2021,83,0,Non-Max,6
689,11-12-2021,04-12-2021,160,0,Non-Max,3
690,11-12-2021,07-02-2022,126,356,Non-Max,4
691,11-12-2021,26-01-2022,207,42,Non-Max,7
692,11-12-2021,27-11-2021,19,0,Non-Max,10
693,11-12-2021,10-02-2022,193,917,Non-Max,5
694,11-12-2021,11-02-2022,38,16,MAX,5
695,11-12-2021,22-11-2021,402,0,MAX,3
696,11-12-2021,20-11-2021,137,0,MAX,9
697,11-12-2021,09-01-2022,167,0,Non-Max,9
698,11-12-2021,10-02-2022,400,998,Non-Max,9
699,11-12-2021,11-11-2021,234,0,MAX,9
700,11-12-2021,06-01-2022,461,0,Non-Max,6
701,11-12-2021,19-12-2021,272,0,MAX,4
702,11-12-2021,07-12-2021,255,0,MAX,7
703,11-12-2021,28-11-2021,189,0,MAX,4
704,11-12-2021,18-01-2022,412,914,Non-Max,6
705,11-12-2021,14-12-2021,403,0,MAX,9
706,11-12-2021,13-02-2022,100,895,MAX,6
707,11-12-2021,31-01-2022,255,676,MAX,3
708,11-12-2021,11-12-2021,305,0,MAX,7
709,11-12-2021,05-02-2022,495,469,Non-Max,5
710,11-12-2021,08-01-2022,45,0,Non-Max,9
711,11-12-2021,07-11-2021,227,0,Non-Max,3
712,11-12-2021,05-12-2021,278,0,MAX,10
713,11-12-2021,04-02-2022,2,309,MAX,5
714,11-12-2021,13-12-2021,377,0,MAX,7
715,11-12-2021,20-01-2022,105,309,MAX,10
716,11-12-2021,05-02-2022,413,851,MAX,7
717,11-12-2021,14-11-2021,355,0,MAX,7
718,11-12-2021,09-01-2022,60,0,MAX,3
719,11-12-2021,13-11-2021,164,0,MAX,7
720,11-12-2021,26-12-2021,113,0,Non-Max,10
721,12-12-2021,20-12-2021,137,0,MAX,5
722,12-12-2021,30-12-2021,348,0,Non-Max,9
723,12-12-2021,30-01-2022,23,226,Non-Max,4
724,12-12-2021,02-12-2021,174,0,Non-Max,9
725,12-12-2021,09-11-2021,175,0,Non-Max,4
726,12-12-2021,08-01-2022,162,0,Non-Max,7
727,12-12-2021,14-02-2022,206,766,Non-Max,7
728,13-12-2021,10-11-2021,373,0,Non-Max,9
729,13-12-2021,21-12-2021,343,0,MAX,5
730,13-12-2021,14-12-2021,204,0,Non-Max,7
731,13-12-2021,28-12-2021,210,0,Non-Max,4
732,13-12-2021,31-01-2022,42,8,Non-Max,9
733,13-12-2021,27-11-2021,164,0,Non-Max,8
734,13-12-2021,11-01-2022,385,0,MAX,5
735,13-12-2021,18-01-2022,271,296,Non-Max,4
736,13-12-2021,05-12-2021,249,0,MAX,6
737,13-12-2021,23-11-2021,475,0,Non-Max,10
738,13-12-2021,26-11-2021,147,0,MAX,4
739,13-12-2021,06-12-2021,450,0,MAX,10
740,13-12-2021,22-01-2022,83,920,Non-Max,3
741,13-12-2021,27-11-2021,278,0,MAX,7
742,13-12-2021,12-11-2021,433,0,Non-Max,9
743,13-12-2021,12-01-2022,377,0,Non-Max,3
744,13-12-2021,06-12-2021,115,0,MAX,4
745,13-12-2021,04-02-2022,277,182,MAX,7
746,13-12-2021,12-11-2021,141,0,MAX,3
747,13-12-2021,30-11-2021,6,0,Non-Max,6
748,13-12-2021,25-01-2022,429,463,MAX,3
749,13-12-2021,12-01-2022,403,0,Non-Max,3
750,13-12-2021,28-12-2021,143,0,Non-Max,10
751,13-12-2021,22-01-2022,274,662,MAX,4
752,13-12-2021,16-12-2021,85,0,MAX,5
753,13-12-2021,11-12-2021,422,0,MAX,6
754,13-12-2021,30-01-2022,136,514,MAX,8
755,13-12-2021,14-12-2021,382,0,Non-Max,7
756,13-12-2021,07-02-2022,257,452,Non-Max,5
757,13-12-2021,25-12-2021,82,0,MAX,8
758,13-12-2021,20-01-2022,182,517,MAX,3
759,13-12-2021,10-11-2021,395,0,Non-Max,4
760,13-12-2021,24-11-2021,319,0,MAX,6
761,13-12-2021,12-01-2022,404,0,Non-Max,10
762,13-12-2021,07-11-2021,91,0,MAX,5
763,13-12-2021,29-12-2021,204,0,MAX,8
764,13-12-2021,22-11-2021,203,0,Non-Max,9
765,13-12-2021,13-02-2022,264,229,Non-Max,9
766,13-12-2021,18-11-2021,192,0,MAX,5
767,13-12-2021,31-01-2022,320,985,MAX,4
768,13-12-2021,02-02-2022,134,617,Non-Max,8
769,13-12-2021,15-02-2022,381,616,Non-Max,3
770,13-12-2021,10-12-2021,246,0,MAX,4
771,13-12-2021,05-02-2022,147,100,Non-Max,3
772,13-12-2021,07-11-2021,375,0,MAX,7
773,13-12-2021,15-01-2022,349,0,Non-Max,10
774,13-12-2021,21-01-2022,106,892,MAX,6
775,13-12-2021,14-02-2022,343,487,MAX,4
776,13-12-2021,20-01-2022,419,191,Non-Max,3
777,13-12-2021,14-11-2021,151,0,Non-Max,5
778,13-12-2021,10-01-2022,332,0,MAX,10
779,13-12-2021,13-02-2022,158,276,Non-Max,9
780,13-12-2021,09-11-2021,2,0,MAX,4
781,13-12-2021,26-12-2021,199,0,MAX,10
782,13-12-2021,05-01-2022,246,0,MAX,6
783,13-12-2021,13-02-2022,77,582,Non-Max,5
784,13-12-2021,15-11-2021,489,0,MAX,6
785,13-12-2021,28-01-2022,29,82,Non-Max,5
786,13-12-2021,27-12-2021,194,0,Non-Max,9
787,13-12-2021,25-12-2021,444,0,MAX,9
788,13-12-2021,13-01-2022,195,0,Non-Max,9
789,13-12-2021,26-01-2022,249,428,MAX,4
790,13-12-2021,10-12-2021,221,0,Non-Max,5
791,13-12-2021,11-11-2021,463,0,MAX,3
792,13-12-2021,27-11-2021,441,0,MAX,7
793,13-12-2021,24-11-2021,39,0,MAX,8
794,13-12-2021,23-01-2022,44,826,Non-Max,6
795,13-12-2021,30-11-2021,340,0,Non-Max,10
796,13-12-2021,19-11-2021,24,0,Non-Max,9
797,13-12-2021,18-12-2021,418,0,MAX,9
798,13-12-2021,05-12-2021,51,0,MAX,8
799,13-12-2021,20-01-2022,48,360,MAX,3
800,13-12-2021,25-01-2022,350,12,Non-Max,8
801,13-12-2021,14-01-2022,305,0,Non-Max,9
802,13-12-2021,10-11-2021,126,0,MAX,5
803,13-12-2021,07-11-2021,489,0,MAX,9
804,13-12-2021,07-01-2022,216,0,MAX,9
805,13-12-2021,21-01-2022,71,442,Non-Max,5
806,13-12-2021,14-12-2021,472,0,MAX,8
807,13-12-2021,22-11-2021,218,0,MAX,5
808,13-12-2021,22-12-2021,96,0,MAX,8
809,13-12-2021,17-11-2021,403,0,MAX,3
810,13-12-2021,07-01-2022,426,0,Non-Max,7
811,13-12-2021,20-01-2022,453,41,MAX,4
812,13-12-2021,11-02-2022,163,672,MAX,5
813,13-12-2021,10-01-2022,363,0,Non-Max,9
814,13-12-2021,01-12-2021,109,0,MAX,4
815,13-12-2021,19-12-2021,455,0,Non-Max,6
816,13-12-2021,06-12-2021,362,0,Non-Max,10
817,13-12-2021,13-11-2021,217,0,MAX,8
818,13-12-2021,08-12-2021,55,0,MAX,10
819,13-12-2021,18-12-2021,40,0,Non-Max,7
820,13-12-2021,23-12-2021,242,0,MAX,10
821,13-12-2021,17-01-2022,105,750,MAX,7
822,13-12-2021,11-12-2021,275,0,MAX,8
823,13-12-2021,23-01-2022,85,336,MAX,8
824,13-12-2021,15-01-2022,228,0,MAX,3
825,13-12-2021,16-01-2022,344,52,Non-Max,8
826,13-12-2021,19-01-2022,475,456,Non-Max,5
827,13-12-2021,13-11-2021,91,0,MAX,9
828,13-12-2021,07-01-2022,299,0,Non-Max,8
829,14-12-2021,04-12-2021,75,0,Non-Max,5
830,14-12-2021,09-02-2022,129,506,MAX,4
831,14-12-2021,16-11-2021,180,0,MAX,5
832,14-12-2021,26-11-2021,14,0,Non-Max,10
833,14-12-2021,01-01-2022,194,0,Non-Max,5
834,14-12-2021,18-01-2022,395,72,Non-Max,6
835,14-12-2021,12-12-2021,219,0,MAX,7
836,14-12-2021,24-12-2021,168,0,Non-Max,5
837,14-12-2021,01-01-2022,304,0,MAX,5
838,14-12-2021,30-11-2021,216,0,Non-Max,7
839,14-12-2021,12-11-2021,355,0,Non-Max,3
840,14-12-2021,25-01-2022,414,515,Non-Max,5
841,14-12-2021,03-01-2022,178,0,MAX,9
842,14-12-2021,11-11-2021,263,0,MAX,3
843,14-12-2021,10-02-2022,457,309,Non-Max,6
844,14-12-2021,07-02-2022,172,241,MAX,6
845,14-12-2021,19-12-2021,490,0,MAX,3
846,14-12-2021,24-11-2021,192,0,Non-Max,5
847,14-12-2021,08-11-2021,307,0,Non-Max,7
848,14-12-2021,03-01-2022,460,0,Non-Max,6
849,14-12-2021,20-12-2021,209,0,MAX,3
850,14-12-2021,27-11-2021,391,0,MAX,6
851,14-12-2021,21-01-2022,215,717,Non-Max,6
852,14-12-2021,25-01-2022,479,101,Non-Max,8
853,14-12-2021,26-11-2021,264,0,Non-Max,4
854,14-12-2021,23-01-2022,492,582,MAX,10
855,14-12-2021,14-02-2022,30,540,Non-Max,8
856,14-12-2021,14-12-2021,333,0,MAX,5
857,15-12-2021,09-01-2022,325,0,MAX,10
858,15-12-2021,02-12-2021,170,0,MAX,4
859,15-12-2021,03-02-2022,139,882,MAX,8
860,15-12-2021,13-12-2021,69,0,MAX,5
861,15-12-2021,29-12-2021,3,0,Non-Max,9
862,15-12-2021,24-01-2022,94,550,MAX,6
863,15-12-2021,03-02-2022,381,330,MAX,10
864,15-12-2021,15-01-2022,341,0,Non-Max,7
865,15-12-2021,19-01-2022,441,814,Non-Max,7
866,15-12-2021,09-01-2022,12,0,Non-Max,4
867,15-12-2021,15-11-2021,8,0,MAX,8
868,15-12-2021,23-12-2021,114,0,MAX,5
869,15-12-2021,18-11-2021,240,0,Non-Max,6
870,15-12-2021,12-12-2021,337,0,Non-Max,4
871,15-12-2021,15-01-2022,53,0,MAX,7
872,15-12-2021,07-12-2021,351,0,MAX,7
873,15-12-2021,15-02-2022,77,159,MAX,8
874,15-12-2021,31-12-2021,94,0,MAX,5
875,15-12-2021,14-01-2022,149,0,Non-Max,5
876,15-12-2021,12-11-2021,390,0,MAX,7
877,15-12-2021,23-01-2022,462,304,Non-Max,5
878,16-12-2021,13-01-2022,368,0,Non-Max,10
879,16-12-2021,08-12-2021,468,0,MAX,9
880,16-12-2021,26-12-2021,411,0,MAX,7
881,16-12-2021,18-11-2021,497,0,Non-Max,7
882,16-12-2021,29-12-2021,263,0,Non-Max,3
883,16-12-2021,24-01-2022,213,349,Non-Max,4
884,16-12-2021,21-12-2021,137,0,MAX,6
885,16-12-2021,27-12-2021,104,0,MAX,8
886,16-12-2021,27-11-2021,280,0,MAX,6
887,16-12-2021,12-02-2022,193,273,Non-Max,10
888,16-12-2021,25-12-2021,354,0,Non-Max,5
889,16-12-2021,15-11-2021,283,0,MAX,5
890,16-12-2021,29-11-2021,379,0,MAX,9
891,16-12-2021,09-02-2022,374,27,Non-Max,7
892,16-12-2021,20-11-2021,63,0,MAX,10
893,16-12-2021,16-12-2021,241,0,MAX,10
894,16-12-2021,30-01-2022,291,845,Non-Max,6
895,16-12-2021,16-01-2022,25,967,Non-Max,4
896,16-12-2021,27-11-2021,403,0,Non-Max,4
897,16-12-2021,11-12-2021,122,0,MAX,10
898,16-12-2021,24-11-2021,47,0,MAX,9
899,16-12-2021,30-11-2021,139,0,MAX,4
900,16-12-2021,17-12-2021,75,0,Non-Max,8
901,16-12-2021,11-12-2021,220,0,MAX,8
902,16-12-2021,03-02-2022,140,512,MAX,6
903,16-12-2021,05-01-2022,181,0,Non-Max,7
904,16-12-2021,29-11-2021,154,0,Non-Max,9
905,16-12-2021,28-12-2021,425,0,MAX,10
906,16-12-2021,18-12-2021,23,0,MAX,4
907,16-12-2021,14-01-2022,461,0,Non-Max,3
908,16-12-2021,17-01-2022,118,444,MAX,3
909,16-12-2021,21-12-2021,230,0,Non-Max,9
910,16-12-2021,26-11-2021,239,0,Non-Max,8
911,16-12-2021,18-12-2021,297,0,Non-Max,8
912,16-12-2021,19-01-2022,440,863,MAX,10
913,16-12-2021,27-11-2021,423,0,Non-Max,10
914,16-12-2021,08-02-2022,491,850,Non-Max,4
915,16-12-2021,12-01-2022,224,0,Non-Max,9
916,16-12-2021,10-11-2021,193,0,Non-Max,10
917,16-12-2021,24-11-2021,255,0,Non-Max,8
918,16-12-2021,13-12-2021,277,0,Non-Max,10
919,16-12-2021,25-01-2022,154,310,Non-Max,8
920,16-12-2021,31-12-2021,447,0,MAX,3
921,16-12-2021,20-11-2021,431,0,MAX,5
922,16-12-2021,13-11-2021,288,0,Non-Max,5
923,16-12-2021,04-02-2022,280,339,Non-Max,3
924,16-12-2021,25-01-2022,258,809,MAX,6
925,16-12-2021,19-01-2022,440,495,Non-Max,6
926,16-12-2021,31-01-2022,376,924,Non-Max,4
927,16-12-2021,07-12-2021,162,0,Non-Max,3
928,16-12-2021,06-12-2021,430,0,Non-Max,7
929,16-12-2021,25-12-2021,33,0,Non-Max,4
930,17-12-2021,17-12-2021,414,0,Non-Max,10
931,17-12-2021,21-01-2022,479,651,Non-Max,4
932,17-12-2021,30-12-2021,295,0,MAX,9
933,17-12-2021,10-01-2022,427,0,MAX,8
934,17-12-2021,19-01-2022,146,407,Non-Max,8
935,17-12-2021,29-01-2022,348,886,MAX,9
936,17-12-2021,01-12-2021,330,0,MAX,4
937,17-12-2021,23-12-2021,27,0,MAX,3
938,17-12-2021,03-12-2021,76,0,Non-Max,6
939,17-12-2021,31-12-2021,143,0,MAX,6
940,17-12-2021,27-12-2021,291,0,Non-Max,8
941,17-12-2021,16-11-2021,487,0,Non-Max,8
942,17-12-2021,21-01-2022,243,117,Non-Max,6
943,17-12-2021,04-12-2021,69,0,Non-Max,6
944,17-12-2021,08-11-2021,164,0,Non-Max,8
945,17-12-2021,27-01-2022,144,867,Non-Max,5
946,17-12-2021,26-12-2021,311,0,MAX,5
947,17-12-2021,10-12-2021,478,0,MAX,5
948,17-12-2021,21-12-2021,18,0,Non-Max,9
949,17-12-2021,31-01-2022,11,905,MAX,6
950,17-12-2021,18-11-2021,159,0,Non-Max,9
951,17-12-2021,14-02-2022,23,165,Non-Max,7
952,17-12-2021,25-12-2021,279,0,Non-Max,7
953,17-12-2021,15-11-2021,307,0,Non-Max,8
954,17-12-2021,07-02-2022,278,655,MAX,5
955,17-12-2021,15-01-2022,244,0,MAX,4
956,17-12-2021,03-02-2022,253,502,Non-Max,6
957,17-12-2021,10-11-2021,497,0,MAX,7
958,17-12-2021,17-01-2022,221,181,Non-Max,6
959,17-12-2021,26-12-2021,5,0,MAX,4
960,17-12-2021,23-01-2022,19,785,MAX,10
961,17-12-2021,19-11-2021,242,0,MAX,3
962,17-12-2021,11-02-2022,2,739,Non-Max,8
963,17-12-2021,15-12-2021,472,0,MAX,8
964,17-12-2021,22-12-2021,379,0,MAX,9
965,17-12-2021,23-12-2021,50,0,Non-Max,4
966,17-12-2021,28-11-2021,344,0,MAX,3
967,17-12-2021,10-11-2021,102,0,Non-Max,6
968,17-12-2021,15-01-2022,359,0,MAX,10
969,17-12-2021,16-01-2022,327,68,Non-Max,6
970,17-12-2021,09-11-2021,313,0,Non-Max,10
971,17-12-2021,30-01-2022,448,55,MAX,9
972,17-12-2021,26-11-2021,238,0,MAX,3
973,17-12-2021,25-01-2022,381,12,Non-Max,8
974,17-12-2021,06-01-2022,454,0,Non-Max,6
975,17-12-2021,09-12-2021,145,0,MAX,3
976,17-12-2021,18-11-2021,37,0,Non-Max,8
977,17-12-2021,10-02-2022,454,504,Non-Max,9
978,17-12-2021,27-12-2021,96,0,MAX,10
979,17-12-2021,16-11-2021,435,0,MAX,8
980,17-12-2021,01-01-2022,349,0,Non-Max,8
981,17-12-2021,31-01-2022,216,23,Non-Max,4
982,17-12-2021,13-12-2021,60,0,Non-Max,4
983,17-12-2021,10-02-2022,294,636,MAX,5
984,17-12-2021,22-11-2021,500,0,MAX,8
985,17-12-2021,29-01-2022,233,297,MAX,4
986,17-12-2021,30-12-2021,223,0,MAX,4
987,17-12-2021,01-12-2021,200,0,MAX,7
988,17-12-2021,21-12-2021,292,0,MAX,10
989,17-12-2021,02-01-2022,430,0,MAX,6
990,17-12-2021,01-02-2022,218,753,Non-Max,9
991,17-12-2021,07-01-2022,295,0,Non-Max,9
992,17-12-2021,11-11-2021,302,0,MAX,10
993,17-12-2021,24-12-2021,141,0,MAX,3
994,17-12-2021,27-01-2022,212,378,Non-Max,10
995,17-12-2021,02-12-2021,108,0,Non-Max,8
996,17-12-2021,12-02-2022,452,257,Non-Max,7
997,17-12-2021,28-11-2021,4,0,Non-Max,8
998,17-12-2021,09-12-2021,177,0,MAX,10
999,17-12-2021,12-02-2022,240,526,Non-Max,5
1000,17-12-2021,31-12-2021,43,0,MAX,4
1001,17-12-2021,24-11-2021,428,0,Non-Max,6
1002,17-12-2021,04-12-2021,462,0,Non-Max,9
1003,17-12-2021,27-11-2021,460,0,MAX,9
1004,17-12-2021,25-01-2022,443,389,Non-Max,7
1005,17-12-2021,21-12-2021,459,0,MAX,5
1006,17-12-2021,25-12-2021,20,0,MAX,7
1007,17-12-2021,16-11-2021,7,0,MAX,9
1008,17-12-2021,31-01-2022,325,9,MAX,8
1009,17-12-2021,04-01-2022,378,0,MAX,7
1010,17-12-2021,08-11-2021,293,0,MAX,3
1011,17-12-2021,27-11-2021,463,0,MAX,8
1012,17-12-2021,25-12-2021,55,0,Non-Max,7
1013,17-12-2021,11-11-2021,389,0,Non-Max,6
1014,17-12-2021,22-01-2022,173,220,Non-Max,8
1015,17-12-2021,11-02-2022,318,157,Non-Max,6
1016,17-12-2021,12-01-2022,110,0,MAX,9
1017,17-12-2021,31-12-2021,300,0,MAX,6
1018,17-12-2021,16-12-2021,134,0,Non-Max,5
1019,17-12-2021,01-12-2021,42,0,Non-Max,4
1020,17-12-2021,16-01-2022,52,859,Non-Max,4
1021,17-12-2021,18-01-2022,369,434,Non-Max,9
1022,17-12-2021,30-01-2022,253,268,Non-Max,9
1023,17-12-2021,21-12-2021,207,0,MAX,4
1024,17-12-2021,12-12-2021,254,0,MAX,6
1025,17-12-2021,23-11-2021,39,0,Non-Max,5
1026,17-12-2021,07-02-2022,344,972,MAX,9
1027,17-12-2021,28-11-2021,5,0,MAX,7
1028,17-12-2021,30-12-2021,317,0,Non-Max,4
1029,17-12-2021,09-02-2022,393,887,MAX,8
1030,17-12-2021,12-02-2022,272,737,Non-Max,9
1031,17-12-2021,25-01-2022,368,995,MAX,9
1032,17-12-2021,03-12-2021,166,0,Non-Max,6
1033,17-12-2021,25-01-2022,316,976,Non-Max,10
1034,17-12-2021,18-12-2021,147,0,Non-Max,6
1035,17-12-2021,01-12-2021,263,0,MAX,8
1036,17-12-2021,05-02-2022,63,313,Non-Max,6
1037,17-12-2021,09-02-2022,105,329,Non-Max,10
1038,17-12-2021,18-01-2022,79,738,Non-Max,8
1039,17-12-2021,13-12-2021,132,0,Non-Max,5
1040,17-12-2021,13-02-2022,238,955,MAX,9
1041,17-12-2021,24-12-2021,347,0,Non-Max,3
1042,17-12-2021,21-01-2022,93,467,Non-Max,4
1043,17-12-2021,12-02-2022,50,619,Non-Max,9
1044,18-12-2021,31-12-2021,97,0,Non-Max,9
1045,18-12-2021,25-12-2021,228,0,Non-Max,8
1046,18-12-2021,12-12-2021,270,0,MAX,10
1047,18-12-2021,29-11-2021,253,0,Non-Max,4
1048,18-12-2021,28-12-2021,218,0,Non-Max,7
1049,18-12-2021,15-11-2021,363,0,MAX,6
1050,18-12-2021,15-12-2021,377,0,MAX,10
1051,18-12-2021,17-01-2022,31,975,Non-Max,3
1052,18-12-2021,14-02-2022,336,738,MAX,8
1053,18-12-2021,22-12-2021,500,0,Non-Max,9
1054,18-12-2021,10-01-2022,69,0,Non-Max,7
1055,18-12-2021,25-01-2022,136,210,Non-Max,9
1056,18-12-2021,13-01-2022,382,0,MAX,4
1057,19-12-2021,04-12-2021,259,0,MAX,9
1058,19-12-2021,05-12-2021,54,0,Non-Max,9
1059,19-12-2021,16-12-2021,133,0,MAX,10
1060,19-12-2021,11-01-2022,441,0,Non-Max,6
1061,19-12-2021,16-11-2021,211,0,MAX,7
1062,19-12-2021,16-01-2022,400,760,Non-Max,9
1063,19-12-2021,02-01-2022,417,0,Non-Max,7
1064,19-12-2021,22-01-2022,293,920,Non-Max,3
1065,19-12-2021,11-12-2021,74,0,Non-Max,5
1066,20-12-2021,21-11-2021,133,0,MAX,6
1067,20-12-2021,03-02-2022,424,571,Non-Max,10
1068,20-12-2021,04-02-2022,69,596,MAX,5
1069,20-12-2021,11-11-2021,7,0,Non-Max,9
1070,20-12-2021,10-11-2021,307,0,MAX,4
1071,20-12-2021,29-01-2022,111,794,Non-Max,10
1072,20-12-2021,26-12-2021,423,0,MAX,6
1073,20-12-2021,12-02-2022,423,250,Non-Max,9
1074,20-12-2021,04-12-2021,470,0,Non-Max,9
1075,21-12-2021,04-01-2022,273,0,MAX,9
1076,21-12-2021,09-11-2021,102,0,Non-Max,4
1077,21-12-2021,05-12-2021,458,0,MAX,7
1078,21-12-2021,21-11-2021,105,0,MAX,4
1079,21-12-2021,14-01-2022,110,0,MAX,9
1080,21-12-2021,21-01-2022,199,164,Non-Max,10
1081,21-12-2021,08-12-2021,155,0,MAX,9
1082,21-12-2021,16-01-2022,179,82,Non-Max,9
1083,21-12-2021,30-01-2022,175,804,MAX,7
1084,21-12-2021,03-01-2022,1,0,Non-Max,8
1085,22-12-2021,26-11-2021,373,0,MAX,6
1086,22-12-2021,30-11-2021,252,0,MAX,8
1087,22-12-2021,31-01-2022,411,532,MAX,9
1088,22-12-2021,03-01-2022,482,0,Non-Max,9
1089,22-12-2021,13-01-2022,271,0,Non-Max,9
1090,22-12-2021,23-01-2022,274,566,Non-Max,8
1091,22-12-2021,30-12-2021,226,0,MAX,8
1092,22-12-2021,18-12-2021,43,0,MAX,7
1093,22-12-2021,30-11-2021,120,0,MAX,4
1094,22-12-2021,14-02-2022,81,883,MAX,5
1095,22-12-2021,02-01-2022,432,0,MAX,5
1096,22-12-2021,26-11-2021,288,0,Non-Max,3
1097,22-12-2021,13-01-2022,498,0,Non-Max,8
1098,22-12-2021,30-12-2021,329,0,Non-Max,10
1099,22-12-2021,30-12-2021,106,0,MAX,3
1100,22-12-2021,05-12-2021,189,0,MAX,3
1101,22-12-2021,12-12-2021,489,0,Non-Max,8
1102,22-12-2021,07-02-2022,100,939,Non-Max,4
1103,22-12-2021,20-11-2021,422,0,MAX,5
1104,22-12-2021,12-11-2021,48,0,MAX,5
1105,22-12-2021,16-01-2022,120,514,Non-Max,5
1106,22-12-2021,30-12-2021,499,0,Non-Max,8
1107,22-12-2021,13-02-2022,127,715,Non-Max,10
1108,22-12-2021,10-12-2021,180,0,Non-Max,3
1109,22-12-2021,22-01-2022,157,945,Non-Max,5
1110,22-12-2021,28-01-2022,223,32,Non-Max,6
1111,22-12-2021,26-01-2022,474,214,Non-Max,9
1112,22-12-2021,03-02-2022,478,696,MAX,7
1113,23-12-2021,22-11-2021,326,0,MAX,10
1114,23-12-2021,19-01-2022,261,228,Non-Max,5
1115,23-12-2021,02-01-2022,220,0,Non-Max,9
1116,23-12-2021,16-01-2022,111,407,Non-Max,3
1117,23-12-2021,15-11-2021,344,0,MAX,9
1118,23-12-2021,04-02-2022,134,10,MAX,10
1119,23-12-2021,22-01-2022,231,67,Non-Max,8
1120,23-12-2021,04-01-2022,51,0,Non-Max,4
1121,23-12-2021,17-01-2022,318,110,MAX,7
1122,23-12-2021,08-12-2021,300,0,Non-Max,4
1123,23-12-2021,04-12-2021,360,0,MAX,5
1124,23-12-2021,13-11-2021,362,0,Non-Max,4
1125,23-12-2021,18-12-2021,187,0,Non-Max,9
1126,23-12-2021,09-02-2022,84,228,MAX,4
1127,23-12-2021,24-12-2021,61,0,MAX,8
1128,23-12-2021,07-12-2021,423,0,MAX,8
1129,23-12-2021,22-01-2022,415,771,MAX,6
1130,23-12-2021,11-11-2021,263,0,Non-Max,4
1131,23-12-2021,22-01-2022,390,137,MAX,5
1132,23-12-2021,30-11-2021,137,0,MAX,3
1133,23-12-2021,16-01-2022,395,288,Non-Max,10
1134,23-12-2021,11-11-2021,173,0,Non-Max,6
1135,23-12-2021,16-12-2021,94,0,MAX,9
1136,23-12-2021,25-01-2022,356,597,Non-Max,10
1137,23-12-2021,09-12-2021,469,0,Non-Max,3
1138,23-12-2021,13-02-2022,414,199,MAX,5
1139,23-12-2021,19-01-2022,32,911,MAX,10
1140,23-12-2021,24-01-2022,484,888,Non-Max,9
1141,23-12-2021,03-12-2021,79,0,Non-Max,5
1142,23-12-2021,04-01-2022,0,0,Non-Max,7
1143,23-12-2021,18-01-2022,412,938,Non-Max,9
1144,24-12-2021,15-02-2022,212,367,Non-Max,10
1145,24-12-2021,29-12-2021,399,0,Non-Max,4
1146,24-12-2021,29-01-2022,298,807,MAX,5
1147,24-12-2021,22-11-2021,408,0,Non-Max,4
1148,24-12-2021,12-02-2022,316,145,MAX,9
1149,24-12-2021,18-11-2021,95,0,Non-Max,3
1150,24-12-2021,13-02-2022,322,824,Non-Max,3
1151,24-12-2021,16-12-2021,128,0,Non-Max,3
1152,24-12-2021,15-01-2022,486,0,MAX,8
1153,24-12-2021,11-11-2021,459,0,Non-Max,5
1154,24-12-2021,19-01-2022,60,963,Non-Max,7
1155,24-12-2021,01-01-2022,177,0,MAX,4
1156,24-12-2021,31-12-2021,419,0,Non-Max,7
1157,24-12-2021,30-01-2022,260,32,Non-Max,5
1158,24-12-2021,09-01-2022,172,0,MAX,3
1159,24-12-2021,18-11-2021,495,0,MAX,10
1160,24-12-2021,02-02-2022,484,829,MAX,8
1161,24-12-2021,22-01-2022,291,633,Non-Max,6
1162,24-12-2021,25-11-2021,213,0,MAX,5
1163,24-12-2021,03-01-2022,191,0,Non-Max,3
1164,24-12-2021,29-01-2022,425,190,Non-Max,10
1165,24-12-2021,11-01-2022,139,0,MAX,9
1166,24-12-2021,15-01-2022,426,0,MAX,9
1167,24-12-2021,17-11-2021,478,0,Non-Max,3
1168,24-12-2021,10-12-2021,220,0,Non-Max,3
1169,24-12-2021,23-12-2021,128,0,Non-Max,3
1170,24-12-2021,13-11-2021,408,0,MAX,9
1171,24-12-2021,24-12-2021,163,0,MAX,9
1172,24-12-2021,20-12-2021,213,0,Non-Max,10
1173,24-12-2021,01-02-2022,128,311,Non-Max,10
1174,24-12-2021,21-12-2021,385,0,MAX,7
1175,24-12-2021,26-01-2022,178,607,Non-Max,7
1176,24-12-2021,27-12-2021,371,0,Non-Max,3
1177,24-12-2021,03-02-2022,404,867,Non-Max,9
1178,24-12-2021,21-01-2022,436,772,Non-Max,3
1179,24-12-2021,21-11-2021,110,0,MAX,8
1180,24-12-2021,23-01-2022,116,613,MAX,7
1181,24-12-2021,05-01-2022,104,0,MAX,9
1182,24-12-2021,11-02-2022,93,850,Non-Max,9
1183,24-12-2021,01-01-2022,398,0,Non-Max,3
1184,24-12-2021,12-02-2022,328,85,MAX,5
1185,24-12-2021,30-12-2021,152,0,MAX,10
1186,24-12-2021,13-12-2021,64,0,Non-Max,9
1187,24-12-2021,26-11-2021,67,0,MAX,8
1188,24-12-2021,13-02-2022,388,104,MAX,9
1189,24-12-2021,18-11-2021,372,0,MAX,5
1190,24-12-2021,23-12-2021,34,0,Non-Max,8
1191,24-12-2021,03-01-2022,100,0,MAX,3
1192,24-12-2021,04-02-2022,488,739,MAX,7
1193,24-12-2021,13-02-2022,169,148,Non-Max,9
1194,24-12-2021,12-02-2022,479,139,Non-Max,5
1195,24-12-2021,23-11-2021,140,0,MAX,5
1196,24-12-2021,11-01-2022,177,0,MAX,4
1197,24-12-2021,14-02-2022,190,564,MAX,4
1198,24-12-2021,10-11-2021,279,0,MAX,6
1199,24-12-2021,11-02-2022,339,707,MAX,9
1200,24-12-2021,05-12-2021,495,0,Non-Max,4
1201,24-12-2021,31-01-2022,440,188,Non-Max,8
1202,24-12-2021,12-01-2022,491,0,Non-Max,4
1203,24-12-2021,25-12-2021,500,0,MAX,6
1204,24-12-2021,17-11-2021,497,0,Non-Max,7
1205,24-12-2021,28-01-2022,451,853,Non-Max,5
1206,24-12-2021,18-01-2022,122,39,MAX,10
1207,24-12-2021,19-01-2022,68,387,Non-Max,5
1208,24-12-2021,22-01-2022,280,87,Non-Max,7
1209,24-12-2021,20-11-2021,130,0,Non-Max,10
1210,24-12-2021,25-01-2022,32,111,Non-Max,6
1211,24-12-2021,29-12-2021,229,0,Non-Max,6
1212,24-12-2021,28-12-2021,396,0,MAX,9
1213,24-12-2021,24-01-2022,76,355,Non-Max,4
1214,24-12-2021,20-01-2022,219,369,MAX,7
1215,24-12-2021,14-11-2021,457,0,MAX,6
1216,24-12-2021,30-11-2021,42,0,MAX,7
1217,24-12-2021,13-02-2022,296,855,MAX,10
1218,24-12-2021,04-02-2022,396,335,MAX,8
1219,24-12-2021,04-02-2022,143,525,Non-Max,3
1220,24-12-2021,23-11-2021,287,0,MAX,6
1221,24-12-2021,06-12-2021,60,0,MAX,6
1222,24-12-2021,01-02-2022,328,974,MAX,9
1223,24-12-2021,16-11-2021,219,0,Non-Max,5
1224,24-12-2021,18-01-2022,39,65,MAX,7
1225,24-12-2021,08-11-2021,245,0,MAX,10
1226,24-12-2021,13-12-2021,69,0,MAX,5
1227,24-12-2021,16-12-2021,47,0,MAX,3
1228,24-12-2021,31-01-2022,58,609,Non-Max,7
1229,24-12-2021,11-11-2021,141,0,MAX,10
1230,24-12-2021,13-01-2022,499,0,MAX,5
1231,24-12-2021,15-11-2021,432,0,MAX,3
1232,24-12-2021,06-02-2022,81,786,Non-Max,5
1233,24-12-2021,22-11-2021,132,0,Non-Max,10
1234,24-12-2021,30-12-2021,74,0,MAX,10
1235,24-12-2021,14-11-2021,0,0,MAX,3
1236,24-12-2021,21-11-2021,367,0,Non-Max,4
1237,24-12-2021,05-12-2021,23,0,Non-Max,5
1238,24-12-2021,23-12-2021,238,0,MAX,10
1239,24-12-2021,14-01-2022,292,0,Non-Max,5
1240,24-12-2021,15-12-2021,271,0,Non-Max,8
1241,24-12-2021,04-02-2022,10,374,Non-Max,5
1242,24-12-2021,04-01-2022,11,0,MAX,5
1243,24-12-2021,26-12-2021,343,0,Non-Max,10
1244,24-12-2021,12-01-2022,269,0,MAX,9
1245,24-12-2021,26-01-2022,111,987,MAX,4
1246,24-12-2021,29-12-2021,57,0,MAX,3
1247,24-12-2021,14-01-2022,227,0,MAX,7
1248,24-12-2021,08-11-2021,81,0,Non-Max,3
1249,24-12-2021,15-02-2022,76,937,Non-Max,9
1250,24-12-2021,27-12-2021,28,0,MAX,6
1251,24-12-2021,22-01-2022,417,350,Non-Max,6
1252,24-12-2021,17-01-2022,50,103,MAX,7
1253,24-12-2021,05-02-2022,332,28,Non-Max,7
1254,24-12-2021,23-11-2021,67,0,Non-Max,7
1255,24-12-2021,26-11-2021,389,0,Non-Max,10
1256,24-12-2021,09-02-2022,344,989,Non-Max,10
1257,24-12-2021,06-02-2022,180,104,Non-Max,10
1258,24-12-2021,06-12-2021,152,0,Non-Max,9
1259,24-12-2021,12-11-2021,374,0,MAX,8
1260,24-12-2021,10-02-2022,198,70,MAX,9
1261,24-12-2021,05-12-2021,482,0,MAX,8
1262,24-12-2021,03-01-2022,393,0,Non-Max,6
1263,24-12-2021,12-01-2022,98,0,Non-Max,9
1264,25-12-2021,09-12-2021,134,0,MAX,6
1265,25-12-2021,08-12-2021,481,0,Non-Max,4
1266,26-12-2021,18-01-2022,33,775,Non-Max,3
1267,26-12-2021,24-12-2021,234,0,Non-Max,5
1268,26-12-2021,09-02-2022,232,526,Non-Max,6
1269,26-12-2021,12-11-2021,118,0,Non-Max,8
1270,26-12-2021,21-11-2021,339,0,MAX,5
1271,26-12-2021,21-01-2022,81,764,MAX,9
1272,26-12-2021,06-01-2022,299,0,Non-Max,4
1273,26-12-2021,10-11-2021,84,0,MAX,5
1274,26-12-2021,15-11-2021,174,0,Non-Max,8
1275,26-12-2021,12-01-2022,168,0,Non-Max,8
1276,27-12-2021,17-01-2022,285,178,Non-Max,9
1277,27-12-2021,02-01-2022,370,0,Non-Max,9
1278,27-12-2021,29-11-2021,350,0,Non-Max,10
1279,27-12-2021,14-11-2021,319,0,MAX,3
1280,27-12-2021,09-11-2021,378,0,MAX,3
1281,27-12-2021,10-12-2021,190,0,Non-Max,3
1282,27-12-2021,21-01-2022,486,261,Non-Max,4
1283,27-12-2021,16-11-2021,222,0,MAX,4
1284,27-12-2021,13-01-2022,6,0,Non-Max,5
1285,27-12-2021,03-01-2022,479,0,Non-Max,9
1286,27-12-2021,02-01-2022,65,0,Non-Max,3
1287,27-12-2021,11-02-2022,302,17,Non-Max,7
1288,27-12-2021,30-11-2021,259,0,Non-Max,10
1289,27-12-2021,17-12-2021,270,0,MAX,5
1290,27-12-2021,31-01-2022,95,163,Non-Max,4
1291,27-12-2021,14-02-2022,379,954,MAX,6
1292,27-12-2021,28-11-2021,338,0,Non-Max,9
1293,27-12-2021,18-12-2021,21,0,MAX,4
1294,27-12-2021,30-12-2021,303,0,MAX,4
1295,27-12-2021,01-01-2022,386,0,Non-Max,8
1296,27-12-2021,30-11-2021,53,0,MAX,5
1297,27-12-2021,19-12-2021,224,0,MAX,4
1298,27-12-2021,09-02-2022,453,70,Non-Max,8
1299,27-12-2021,28-01-2022,1,249,MAX,8
1300,27-12-2021,12-01-2022,243,0,Non-Max,7
1301,27-12-2021,01-02-2022,295,618,MAX,10
1302,27-12-2021,14-12-2021,203,0,MAX,5
1303,27-12-2021,11-11-2021,106,0,MAX,4
1304,27-12-2021,07-12-2021,39,0,Non-Max,6
1305,27-12-2021,26-12-2021,385,0,Non-Max,3
1306,27-12-2021,28-11-2021,9,0,MAX,7
1307,27-12-2021,21-12-2021,246,0,MAX,10
1308,27-12-2021,21-11-2021,401,0,MAX,5
1309,27-12-2021,07-12-2021,213,0,Non-Max,9
1310,27-12-2021,14-02-2022,435,260,MAX,10
1311,27-12-2021,01-01-2022,126,0,MAX,6
1312,27-12-2021,10-11-2021,117,0,MAX,10
1313,27-12-2021,20-12-2021,243,0,MAX,5
1314,27-12-2021,29-11-2021,28,0,MAX,7
1315,27-12-2021,02-01-2022,454,0,Non-Max,8
1316,27-12-2021,07-02-2022,254,498,MAX,8
1317,27-12-2021,10-12-2021,32,0,MAX,3
1318,27-12-2021,13-11-2021,303,0,Non-Max,7
1319,27-12-2021,26-11-2021,255,0,Non-Max,5
1320,27-12-2021,22-01-2022,31,906,MAX,4
1321,27-12-2021,12-01-2022,330,0,Non-Max,5
1322,27-12-2021,06-12-2021,475,0,MAX,4
1323,27-12-2021,28-01-2022,146,141,MAX,9
1324,27-12-2021,14-11-2021,52,0,Non-Max,9
1325,27-12-2021,13-11-2021,134,0,MAX,5
1326,27-12-2021,24-12-2021,464,0,Non-Max,4
1327,27-12-2021,05-01-2022,101,0,Non-Max,9
1328,27-12-2021,06-01-2022,490,0,Non-Max,4
1329,27-12-2021,08-12-2021,445,0,Non-Max,4
1330,27-12-2021,08-11-2021,382,0,Non-Max,5
1331,27-12-2021,17-12-2021,317,0,Non-Max,9
1332,27-12-2021,11-02-2022,71,57,Non-Max,9
1333,27-12-2021,15-02-2022,442,340,MAX,4
1334,27-12-2021,24-11-2021,160,0,Non-Max,8
1335,27-12-2021,16-01-2022,439,60,Non-Max,10
1336,27-12-2021,15-12-2021,173,0,MAX,9
1337,27-12-2021,10-12-2021,148,0,MAX,7
1338,27-12-2021,28-01-2022,306,383,MAX,9
1339,27-12-2021,31-12-2021,355,0,MAX,4
1340,27-12-2021,15-02-2022,107,994,Non-Max,9
1341,27-12-2021,23-12-2021,312,0,Non-Max,3
1342,27-12-2021,31-12-2021,424,0,Non-Max,4
1343,27-12-2021,12-02-2022,134,949,MAX,3
1344,27-12-2021,21-11-2021,68,0,MAX,10
1345,27-12-2021,31-12-2021,426,0,Non-Max,7
1346,27-12-2021,13-01-2022,146,0,Non-Max,4
1347,27-12-2021,12-12-2021,437,0,Non-Max,3
1348,27-12-2021,01-01-2022,79,0,Non-Max,4
1349,27-12-2021,30-12-2021,367,0,MAX,10
1350,27-12-2021,31-01-2022,63,876,Non-Max,6
1351,27-12-2021,10-02-2022,412,979,MAX,4
1352,27-12-2021,25-11-2021,301,0,MAX,4
1353,27-12-2021,04-02-2022,90,669,MAX,9
1354,27-12-2021,07-12-2021,433,0,Non-Max,8
1355,27-12-2021,24-11-2021,307,0,Non-Max,5
1356,27-12-2021,23-01-2022,323,79,Non-Max,5
1357,27-12-2021,13-11-2021,420,0,Non-Max,5
1358,27-12-2021,09-01-2022,195,0,Non-Max,10
1359,27-12-2021,13-02-2022,346,233,MAX,5
1360,27-12-2021,01-01-2022,420,0,MAX,5
1361,27-12-2021,08-11-2021,362,0,Non-Max,5
1362,27-12-2021,29-12-2021,450,0,Non-Max,10
1363,27-12-2021,27-11-2021,341,0,Non-Max,4
1364,27-12-2021,27-12-2021,154,0,Non-Max,10
1365,27-12-2021,26-11-2021,467,0,Non-Max,7
1366,27-12-2021,16-12-2021,286,0,MAX,6
1367,27-12-2021,18-12-2021,52,0,Non-Max,6
1368,27-12-2021,07-12-2021,416,0,Non-Max,9
1369,28-12-2021,02-02-2022,227,533,MAX,7
1370,28-12-2021,04-01-2022,165,0,MAX,6
1371,28-12-2021,25-01-2022,263,214,Non-Max,10
1372,28-12-2021,03-02-2022,492,613,Non-Max,9
1373,28-12-2021,18-01-2022,269,488,MAX,10
1374,28-12-2021,13-02-2022,69,392,MAX,5
1375,28-12-2021,08-02-2022,192,633,MAX,4
1376,28-12-2021,08-02-2022,52,20,Non-Max,10
1377,28-12-2021,29-12-2021,371,0,MAX,6
1378,28-12-2021,08-12-2021,75,0,MAX,5
1379,28-12-2021,08-12-2021,310,0,Non-Max,3
1380,28-12-2021,21-12-2021,185,0,Non-Max,9
1381,28-12-2021,31-12-2021,36,0,Non-Max,3
1382,28-12-2021,09-01-2022,339,0,Non-Max,9
1383,28-12-2021,02-12-2021,91,0,MAX,5
1384,28-12-2021,03-12-2021,471,0,Non-Max,9
1385,28-12-2021,04-12-2021,199,0,Non-Max,9
1386,28-12-2021,14-11-2021,378,0,MAX,7
1387,28-12-2021,07-11-2021,117,0,MAX,9
1388,29-12-2021,04-12-2021,117,0,MAX,8
1389,29-12-2021,20-01-2022,257,623,MAX,3
1390,29-12-2021,25-11-2021,302,0,MAX,9
1391,29-12-2021,03-02-2022,412,647,Non-Max,8
1392,29-12-2021,10-11-2021,424,0,Non-Max,6
1393,29-12-2021,26-01-2022,47,427,Non-Max,7
1394,29-12-2021,03-02-2022,114,420,MAX,6
1395,29-12-2021,09-12-2021,268,0,Non-Max,8
1396,29-12-2021,20-11-2021,323,0,MAX,8
1397,29-12-2021,29-12-2021,446,0,Non-Max,9
1398,29-12-2021,27-11-2021,45,0,Non-Max,7
1399,29-12-2021,26-01-2022,225,692,MAX,6
1400,29-12-2021,24-11-2021,400,0,MAX,5
1401,29-12-2021,14-02-2022,362,694,Non-Max,4
1402,29-12-2021,15-11-2021,287,0,MAX,7
1403,29-12-2021,05-12-2021,321,0,Non-Max,10
1404,29-12-2021,07-02-2022,11,902,MAX,9
1405,29-12-2021,11-12-2021,487,0,Non-Max,10
1406,29-12-2021,06-01-2022,479,0,Non-Max,4
1407,29-12-2021,24-11-2021,373,0,MAX,3
1408,29-12-2021,09-01-2022,39,0,Non-Max,6
1409,29-12-2021,20-01-2022,341,973,Non-Max,4
1410,29-12-2021,18-12-2021,485,0,Non-Max,10
1411,29-12-2021,27-01-2022,167,413,Non-Max,7
1412,29-12-2021,10-12-2021,220,0,Non-Max,4
1413,29-12-2021,18-12-2021,180,0,MAX,8
1414,29-12-2021,06-02-2022,10,460,Non-Max,4
1415,29-12-2021,23-01-2022,159,704,Non-Max,9
1416,29-12-2021,22-12-2021,224,0,MAX,3
1417,29-12-2021,13-02-2022,310,954,Non-Max,6
1418,29-12-2021,10-01-2022,425,0,Non-Max,6
1419,29-12-2021,04-12-2021,29,0,MAX,6
1420,29-12-2021,09-01-2022,373,0,MAX,3
1421,29-12-2021,12-01-2022,348,0,MAX,7
1422,29-12-2021,06-02-2022,363,435,Non-Max,7
1423,29-12-2021,29-11-2021,465,0,MAX,10
1424,29-12-2021,10-11-2021,389,0,MAX,6
1425,29-12-2021,22-01-2022,300,149,Non-Max,10
1426,29-12-2021,01-01-2022,233,0,MAX,8
1427,29-12-2021,10-02-2022,447,718,Non-Max,7
1428,29-12-2021,24-12-2021,200,0,MAX,8
1429,29-12-2021,08-01-2022,16,0,MAX,10
1430,29-12-2021,14-01-2022,360,0,Non-Max,5
1431,29-12-2021,08-11-2021,253,0,MAX,5
1432,29-12-2021,19-12-2021,494,0,Non-Max,5
1433,29-12-2021,07-02-2022,49,166,Non-Max,3
1434,29-12-2021,31-12-2021,490,0,Non-Max,5
1435,29-12-2021,18-12-2021,212,0,Non-Max,5
1436,29-12-2021,14-11-2021,57,0,Non-Max,8
1437,29-12-2021,11-01-2022,278,0,MAX,10
1438,29-12-2021,03-12-2021,452,0,Non-Max,5
1439,29-12-2021,07-02-2022,290,166,Non-Max,6
1440,29-12-2021,05-01-2022,326,0,Non-Max,6
1441,29-12-2021,23-01-2022,87,515,Non-Max,6
1442,29-12-2021,04-01-2022,364,0,Non-Max,7
1443,29-12-2021,01-02-2022,198,297,Non-Max,3
1444,29-12-2021,18-01-2022,290,803,MAX,4
1445,29-12-2021,02-01-2022,324,0,Non-Max,10
1446,29-12-2021,29-01-2022,450,425,Non-Max,6
1447,29-12-2021,23-12-2021,224,0,MAX,5
1448,29-12-2021,23-11-2021,107,0,MAX,6
1449,29-12-2021,19-12-2021,410,0,Non-Max,7
1450,29-12-2021,30-12-2021,436,0,Non-Max,6
1451,29-12-2021,03-01-2022,13,0,Non-Max,5
1452,29-12-2021,10-02-2022,388,573,MAX,8
1453,29-12-2021,24-01-2022,395,60,Non-Max,5
1454,29-12-2021,28-11-2021,480,0,Non-Max,10
1455,29-12-2021,14-01-2022,42,0,Non-Max,4
1456,29-12-2021,14-11-2021,19,0,MAX,3
1457,29-12-2021,22-11-2021,414,0,Non-Max,9
1458,29-12-2021,12-01-2022,210,0,MAX,5
1459,29-12-2021,18-11-2021,492,0,MAX,7
1460,29-12-2021,07-11-2021,66,0,MAX,7
1461,29-12-2021,18-01-2022,386,723,Non-Max,7
1462,29-12-2021,24-11-2021,335,0,Non-Max,5
1463,29-12-2021,22-11-2021,207,0,Non-Max,8
1464,29-12-2021,03-01-2022,14,0,MAX,9
1465,29-12-2021,01-02-2022,429,798,MAX,6
1466,29-12-2021,23-01-2022,295,39,Non-Max,5
1467,29-12-2021,01-02-2022,199,217,Non-Max,5
1468,29-12-2021,24-01-2022,16,552,Non-Max,5
1469,29-12-2021,22-12-2021,66,0,Non-Max,6
1470,29-12-2021,20-12-2021,92,0,MAX,4
1471,29-12-2021,28-12-2021,117,0,MAX,7
1472,29-12-2021,04-12-2021,476,0,MAX,4
1473,29-12-2021,12-02-2022,200,930,Non-Max,8
1474,29-12-2021,16-12-2021,221,0,Non-Max,6
1475,29-12-2021,15-01-2022,220,0,MAX,7
1476,29-12-2021,28-11-2021,403,0,Non-Max,3
1477,29-12-2021,26-01-2022,417,996,Non-Max,5
1478,29-12-2021,16-12-2021,153,0,Non-Max,7
1479,29-12-2021,25-01-2022,469,208,Non-Max,7
1480,29-12-2021,03-12-2021,345,0,MAX,9
1481,29-12-2021,18-01-2022,251,128,Non-Max,10
1482,29-12-2021,25-01-2022,238,599,Non-Max,9
1483,29-12-2021,04-02-2022,117,466,MAX,5
1484,29-12-2021,23-11-2021,282,0,Non-Max,7
1485,29-12-2021,09-11-2021,329,0,Non-Max,4
1486,29-12-2021,23-12-2021,12,0,Non-Max,9
1487,29-12-2021,06-02-2022,258,578,Non-Max,4
1488,29-12-2021,26-01-2022,247,323,Non-Max,8
1489,29-12-2021,11-02-2022,177,32,Non-Max,3
1490,29-12-2021,25-11-2021,450,0,Non-Max,9
1491,29-12-2021,26-11-2021,495,0,MAX,9
1492,29-12-2021,25-01-2022,205,321,MAX,4
1493,29-12-2021,14-02-2022,244,379,MAX,7
1494,29-12-2021,18-01-2022,71,756,MAX,3
1495,29-12-2021,08-01-2022,327,0,Non-Max,9
1496,29-12-2021,14-02-2022,431,289,MAX,7
1497,29-12-2021,01-12-2021,15,0,MAX,6
1498,29-12-2021,08-02-2022,58,716,MAX,6
1499,29-12-2021,19-01-2022,268,192,MAX,6
1500,29-12-2021,09-11-2021,309,0,MAX,4
1501,30-12-2021,09-11-2021,431,0,Non-Max,5
1502,30-12-2021,28-01-2022,488,838,MAX,9
1503,30-12-2021,15-02-2022,489,844,MAX,7
1504,30-12-2021,02-12-2021,359,0,Non-Max,8
1505,30-12-2021,08-12-2021,401,0,Non-Max,9
1506,30-12-2021,13-02-2022,63,404,Non-Max,4
1507,30-12-2021,25-11-2021,11,0,Non-Max,5
1508,30-12-2021,03-01-2022,299,0,MAX,5
1509,30-12-2021,20-12-2021,30,0,Non-Max,6
1510,30-12-2021,10-11-2021,28,0,MAX,7
1511,30-12-2021,15-11-2021,214,0,MAX,6
1512,30-12-2021,03-01-2022,240,0,MAX,10
1513,30-12-2021,14-02-2022,426,161,MAX,10
1514,30-12-2021,22-11-2021,92,0,Non-Max,8
1515,30-12-2021,19-12-2021,252,0,Non-Max,10
1516,30-12-2021,10-11-2021,457,0,Non-Max,9
1517,30-12-2021,18-12-2021,229,0,MAX,3
1518,30-12-2021,09-11-2021,88,0,MAX,10
1519,30-12-2021,31-12-2021,445,0,Non-Max,9
1520,30-12-2021,18-11-2021,431,0,Non-Max,9
1521,30-12-2021,01-12-2021,471,0,MAX,10
1522,30-12-2021,26-01-2022,126,950,MAX,8
1523,30-12-2021,26-12-2021,120,0,MAX,3
1524,30-12-2021,02-02-2022,199,168,Non-Max,7
1525,30-12-2021,02-02-2022,47,618,MAX,9
1526,30-12-2021,26-01-2022,162,816,Non-Max,3
1527,30-12-2021,14-01-2022,489,0,Non-Max,9
1528,30-12-2021,26-12-2021,121,0,Non-Max,3
1529,31-12-2021,21-12-2021,145,0,Non-Max,7
1530,31-12-2021,14-11-2021,262,0,MAX,5
1531,31-12-2021,10-01-2022,244,0,Non-Max,5
1532,31-12-2021,22-01-2022,484,977,MAX,5
1533,31-12-2021,25-12-2021,296,0,MAX,7
1534,31-12-2021,09-02-2022,6,440,Non-Max,9
1535,31-12-2021,21-01-2022,288,6,MAX,8
1536,31-12-2021,27-01-2022,311,353,MAX,8
1537,31-12-2021,16-11-2021,349,0,MAX,9
1538,31-12-2021,13-02-2022,456,784,Non-Max,9
1539,31-12-2021,06-01-2022,413,0,Non-Max,9
1540,31-12-2021,22-12-2021,0,0,MAX,8
1541,31-12-2021,12-11-2021,163,0,Non-Max,7
1542,31-12-2021,07-11-2021,48,0,MAX,3
1543,31-12-2021,25-01-2022,243,458,MAX,10
1544,31-12-2021,17-12-2021,488,0,Non-Max,10
1545,31-12-2021,07-02-2022,21,801,MAX,5
1546,31-12-2021,31-01-2022,350,47,MAX,7
1547,31-12-2021,09-12-2021,121,0,MAX,8
1548,31-12-2021,21-01-2022,75,531,Non-Max,7
1549,31-12-2021,13-12-2021,52,0,Non-Max,9
1550,31-12-2021,02-01-2022,3,0,Non-Max,6
1551,31-12-2021,16-11-2021,382,0,MAX,7
1552,31-12-2021,09-12-2021,88,0,MAX,8
1553,31-12-2021,29-11-2021,249,0,Non-Max,6
1554,31-12-2021,05-02-2022,423,288,MAX,6
1555,31-12-2021,10-02-2022,86,482,MAX,8
1556,31-12-2021,10-02-2022,65,471,MAX,4
1557,31-12-2021,03-01-2022,303,0,Non-Max,6
1558,31-12-2021,08-11-2021,165,0,Non-Max,5
1559,31-12-2021,11-12-2021,315,0,MAX,5
1560,31-12-2021,12-11-2021,419,0,MAX,8
1561,31-12-2021,28-01-2022,338,633,MAX,3
1562,31-12-2021,27-12-2021,287,0,MAX,6
1563,31-12-2021,08-12-2021,204,0,Non-Max,5
1564,31-12-2021,08-02-2022,296,448,Non-Max,10
1565,31-12-2021,29-11-2021,233,0,MAX,7
1566,31-12-2021,25-12-2021,4,0,Non-Max,8
1567,31-12-2021,13-12-2021,389,0,MAX,3
1568,31-12-2021,05-12-2021,482,0,MAX,4
1569,31-12-2021,03-02-2022,269,330,MAX,6
1570,31-12-2021,11-11-2021,421,0,Non-Max,6
1571,31-12-2021,13-11-2021,80,0,Non-Max,5
1572,31-12-2021,11-01-2022,237,0,Non-Max,6
1573,31-12-2021,26-12-2021,157,0,MAX,7
1574,31-12-2021,03-02-2022,175,296,MAX,4
1575,31-12-2021,20-12-2021,133,0,Non-Max,8
1576,31-12-2021,01-01-2022,212,0,MAX,4
1577,31-12-2021,08-12-2021,423,0,MAX,3
1578,31-12-2021,07-02-2022,123,427,Non-Max,9
1579,31-12-2021,16-11-2021,74,0,MAX,8
1580,31-12-2021,31-12-2021,494,0,Non-Max,7
1581,31-12-2021,08-11-2021,350,0,MAX,4
1582,31-12-2021,10-12-2021,276,0,Non-Max,9
1583,31-12-2021,09-11-2021,264,0,MAX,4
1584,31-12-2021,15-01-2022,223,0,MAX,7
1585,31-12-2021,27-01-2022,5,486,MAX,10
1586,31-12-2021,30-12-2021,455,0,Non-Max,9
1587,31-12-2021,11-12-2021,391,0,MAX,8
1588,31-12-2021,31-12-2021,361,0,MAX,3
1589,31-12-2021,13-01-2022,188,0,MAX,7
1590,31-12-2021,19-11-2021,297,0,Non-Max,4
1591,31-12-2021,01-01-2022,372,0,Non-Max,5
1592,31-12-2021,18-12-2021,411,0,Non-Max,4
1593,31-12-2021,24-12-2021,262,0,Non-Max,9
1594,31-12-2021,27-12-2021,305,0,MAX,8
1595,31-12-2021,26-01-2022,175,819,MAX,5
1596,31-12-2021,09-01-2022,194,0,Non-Max,8
1597,31-12-2021,19-01-2022,213,22,Non-Max,9
1598,31-12-2021,16-11-2021,226,0,MAX,4
1599,31-12-2021,17-12-2021,381,0,MAX,7
1600,31-12-2021,07-02-2022,492,532,MAX,7
1601,31-12-2021,10-11-2021,398,0,MAX,3
1602,31-12-2021,22-01-2022,213,294,MAX,7
1603,31-12-2021,22-11-2021,89,0,MAX,8
1604,31-12-2021,17-12-2021,465,0,MAX,4
1605,31-12-2021,28-12-2021,19,0,Non-Max,10
1606,31-12-2021,14-12-2021,444,0,Non-Max,9
1607,31-12-2021,19-12-2021,313,0,MAX,8
1608,31-12-2021,27-12-2021,49,0,MAX,5
1609,31-12-2021,18-12-2021,308,0,MAX,7
1610,31-12-2021,13-12-2021,284,0,Non-Max,4
1611,31-12-2021,15-02-2022,281,126,MAX,9
1612,01-01-2022,28-12-2021,203,0,MAX,3
1613,01-01-2022,15-02-2022,181,279,MAX,8
1614,01-01-2022,14-12-2021,5,0,MAX,5
1615,01-01-2022,03-01-2022,380,0,MAX,10
1616,01-01-2022,26-11-2021,373,0,MAX,3
1617,01-01-2022,04-01-2022,393,0,Non-Max,9
1618,01-01-2022,12-12-2021,178,0,MAX,9
1619,01-01-2022,24-11-2021,13,0,MAX,8
1620,01-01-2022,12-12-2021,249,0,Non-Max,10
1621,01-01-2022,20-11-2021,399,0,Non-Max,7
1622,01-01-2022,11-11-2021,154,0,MAX,7
1623,01-01-2022,03-02-2022,447,573,MAX,5
1624,01-01-2022,17-11-2021,25,0,Non-Max,9
1625,01-01-2022,12-11-2021,315,0,Non-Max,5
1626,01-01-2022,06-01-2022,201,0,MAX,9
1627,01-01-2022,29-01-2022,338,799,MAX,10
1628,01-01-2022,04-01-2022,385,0,Non-Max,9
1629,01-01-2022,18-01-2022,374,115,Non-Max,6
1630,01-01-2022,05-02-2022,43,721,MAX,4
1631,01-01-2022,16-12-2021,197,0,Non-Max,5
1632,01-01-2022,05-02-2022,165,631,MAX,10
1633,01-01-2022,10-02-2022,332,859,MAX,9
1634,01-01-2022,03-02-2022,245,535,MAX,5
1635,01-01-2022,15-01-2022,313,0,MAX,6
1636,01-01-2022,03-01-2022,428,0,MAX,8
1637,01-01-2022,05-02-2022,160,694,MAX,7
1638,01-01-2022,02-01-2022,246,0,Non-Max,9
1639,01-01-2022,04-12-2021,339,0,MAX,10
1640,01-01-2022,17-01-2022,472,112,MAX,3
1641,01-01-2022,20-11-2021,225,0,MAX,9
1642,01-01-2022,11-11-2021,321,0,Non-Max,10
1643,01-01-2022,14-01-2022,57,0,MAX,7
1644,01-01-2022,13-02-2022,253,7,Non-Max,8
1645,01-01-2022,22-12-2021,477,0,MAX,10
1646,01-01-2022,05-01-2022,374,0,Non-Max,8
1647,01-01-2022,30-12-2021,353,0,MAX,4
1648,01-01-2022,29-12-2021,406,0,Non-Max,5
1649,01-01-2022,05-12-2021,453,0,MAX,5
1650,01-01-2022,14-11-2021,415,0,Non-Max,8
1651,01-01-2022,22-12-2021,459,0,MAX,4
1652,01-01-2022,17-01-2022,48,712,Non-Max,3
1653,02-01-2022,13-02-2022,392,841,Non-Max,6
1654,02-01-2022,25-11-2021,475,0,Non-Max,6
1655,02-01-2022,16-11-2021,62,0,Non-Max,9
1656,02-01-2022,01-01-2022,49,0,MAX,9
1657,02-01-2022,28-01-2022,275,855,MAX,10
1658,02-01-2022,31-12-2021,89,0,MAX,6
1659,02-01-2022,08-11-2021,34,0,MAX,8
1660,02-01-2022,02-12-2021,453,0,Non-Max,4
1661,02-01-2022,29-11-2021,214,0,Non-Max,7
1662,02-01-2022,20-12-2021,450,0,MAX,4
1663,02-01-2022,05-01-2022,362,0,Non-Max,8
1664,02-01-2022,29-12-2021,241,0,MAX,9
1665,02-01-2022,21-11-2021,452,0,Non-Max,3
1666,02-01-2022,24-01-2022,350,579,MAX,8
1667,02-01-2022,01-12-2021,206,0,MAX,10
1668,02-01-2022,28-01-2022,27,958,Non-Max,7
1669,02-01-2022,24-11-2021,471,0,MAX,6
1670,02-01-2022,02-01-2022,106,0,Non-Max,5
1671,02-01-2022,06-12-2021,53,0,MAX,5
1672,02-01-2022,24-12-2021,189,0,MAX,8
1673,02-01-2022,12-01-2022,22,0,MAX,6
1674,02-01-2022,11-01-2022,42,0,MAX,3
1675,02-01-2022,20-11-2021,366,0,MAX,8
1676,02-01-2022,11-11-2021,416,0,MAX,5
1677,02-01-2022,17-11-2021,244,0,MAX,7
1678,02-01-2022,17-01-2022,396,287,Non-Max,7
1679,02-01-2022,20-12-2021,495,0,MAX,6
1680,02-01-2022,13-01-2022,481,0,Non-Max,10
1681,02-01-2022,15-12-2021,368,0,MAX,10
1682,02-01-2022,21-11-2021,378,0,Non-Max,4
1683,02-01-2022,06-02-2022,136,146,MAX,3
1684,02-01-2022,26-01-2022,48,422,MAX,4
1685,02-01-2022,30-01-2022,89,516,Non-Max,6
1686,02-01-2022,20-11-2021,112,0,MAX,6
1687,02-01-2022,04-12-2021,470,0,Non-Max,4
1688,03-01-2022,25-01-2022,216,572,Non-Max,8
1689,03-01-2022,02-01-2022,158,0,Non-Max,3
1690,03-01-2022,08-11-2021,459,0,Non-Max,8
1691,03-01-2022,12-11-2021,83,0,Non-Max,4
1692,03-01-2022,12-12-2021,435,0,Non-Max,10
1693,03-01-2022,29-12-2021,167,0,MAX,6
1694,03-01-2022,15-02-2022,399,360,MAX,4
1695,03-01-2022,05-12-2021,412,0,MAX,4
1696,03-01-2022,02-02-2022,160,638,Non-Max,10
1697,03-01-2022,02-12-2021,222,0,Non-Max,7
1698,03-01-2022,13-12-2021,340,0,MAX,4
1699,03-01-2022,12-02-2022,285,90,MAX,8
1700,03-01-2022,09-11-2021,349,0,MAX,7
1701,03-01-2022,14-12-2021,312,0,MAX,6
1702,03-01-2022,13-11-2021,386,0,Non-Max,6
1703,03-01-2022,04-02-2022,302,338,MAX,4
1704,03-01-2022,22-12-2021,61,0,MAX,3
1705,03-01-2022,08-11-2021,27,0,MAX,8
1706,03-01-2022,15-12-2021,273,0,Non-Max,9
1707,03-01-2022,22-12-2021,52,0,MAX,7
1708,03-01-2022,25-01-2022,428,215,Non-Max,9
1709,03-01-2022,22-11-2021,111,0,MAX,4
1710,03-01-2022,11-11-2021,55,0,MAX,9
1711,03-01-2022,03-02-2022,41,7,Non-Max,6
1712,03-01-2022,07-12-2021,21,0,Non-Max,9
1713,03-01-2022,19-01-2022,191,485,Non-Max,5
1714,03-01-2022,28-11-2021,87,0,MAX,10
1715,03-01-2022,23-11-2021,47,0,Non-Max,7
1716,03-01-2022,22-01-2022,469,284,MAX,4
1717,03-01-2022,23-11-2021,373,0,Non-Max,10
1718,03-01-2022,24-12-2021,343,0,Non-Max,8
1719,03-01-2022,12-01-2022,146,0,Non-Max,6
1720,03-01-2022,24-12-2021,49,0,Non-Max,8
1721,03-01-2022,04-01-2022,163,0,MAX,5
1722,03-01-2022,23-12-2021,401,0,Non-Max,9
1723,03-01-2022,16-01-2022,140,533,Non-Max,7
1724,03-01-2022,28-01-2022,110,389,MAX,4
1725,03-01-2022,03-01-2022,448,0,Non-Max,6
1726,03-01-2022,17-11-2021,376,0,MAX,10
1727,03-01-2022,03-01-2022,358,0,MAX,8
1728,03-01-2022,25-12-2021,400,0,Non-Max,4
1729,03-01-2022,28-01-2022,267,382,MAX,3
1730,03-01-2022,13-12-2021,70,0,Non-Max,7
1731,03-01-2022,14-11-2021,482,0,MAX,10
1732,03-01-2022,17-12-2021,85,0,MAX,3
1733,03-01-2022,16-11-2021,272,0,MAX,5
1734,03-01-2022,20-01-2022,259,466,MAX,3
1735,03-01-2022,29-11-2021,73,0,MAX,3
1736,03-01-2022,19-11-2021,142,0,MAX,8
1737,03-01-2022,27-01-2022,149,491,MAX,5
1738,03-01-2022,30-01-2022,171,556,Non-Max,7
1739,03-01-2022,15-11-2021,452,0,MAX,3
1740,03-01-2022,02-02-2022,419,270,Non-Max,8
1741,03-01-2022,21-12-2021,64,0,MAX,7
1742,03-01-2022,01-01-2022,56,0,Non-Max,7
1743,03-01-2022,26-11-2021,451,0,Non-Max,8
1744,03-01-2022,10-01-2022,100,0,Non-Max,9
1745,03-01-2022,18-01-2022,127,679,MAX,3
1746,03-01-2022,18-12-2021,427,0,MAX,4
1747,03-01-2022,09-01-2022,415,0,Non-Max,10
1748,03-01-2022,09-11-2021,415,0,Non-Max,3
1749,03-01-2022,05-01-2022,5,0,Non-Max,4
1750,03-01-2022,27-11-2021,270,0,Non-Max,3
1751,03-01-2022,22-01-2022,15,929,Non-Max,4
1752,03-01-2022,22-11-2021,1,0,MAX,10
1753,03-01-2022,17-01-2022,58,250,Non-Max,9
1754,03-01-2022,24-11-2021,118,0,MAX,4
1755,03-01-2022,18-11-2021,184,0,MAX,6
1756,03-01-2022,22-12-2021,496,0,Non-Max,10
1757,03-01-2022,29-01-2022,441,106,MAX,10
1758,04-01-2022,04-02-2022,399,34,MAX,6
1759,04-01-2022,07-12-2021,495,0,MAX,5
1760,04-01-2022,13-02-2022,205,588,Non-Max,7
1761,04-01-2022,21-11-2021,103,0,MAX,7
1762,04-01-2022,04-01-2022,212,0,MAX,10
1763,04-01-2022,13-11-2021,458,0,Non-Max,10
1764,04-01-2022,27-01-2022,352,973,Non-Max,5
1765,04-01-2022,01-01-2022,32,0,MAX,4
1766,04-01-2022,08-02-2022,287,489,Non-Max,3
1767,04-01-2022,14-01-2022,440,0,Non-Max,9
1768,04-01-2022,13-11-2021,48,0,MAX,10
1769,04-01-2022,16-01-2022,145,556,Non-Max,10
1770,04-01-2022,11-01-2022,19,0,MAX,8
1771,04-01-2022,04-12-2021,227,0,MAX,6
1772,04-01-2022,09-12-2021,171,0,Non-Max,9
1773,04-01-2022,20-12-2021,17,0,MAX,6
1774,04-01-2022,11-12-2021,142,0,MAX,3
1775,04-01-2022,22-01-2022,176,843,MAX,10
1776,04-01-2022,13-12-2021,450,0,Non-Max,9
1777,04-01-2022,26-12-2021,474,0,Non-Max,5
1778,04-01-2022,31-12-2021,461,0,MAX,7
1779,05-01-2022,14-01-2022,259,0,MAX,10
1780,05-01-2022,22-01-2022,250,447,Non-Max,9
1781,05-01-2022,14-01-2022,146,0,MAX,9
1782,05-01-2022,05-12-2021,438,0,MAX,9
1783,05-01-2022,26-12-2021,371,0,Non-Max,6
1784,05-01-2022,09-11-2021,317,0,Non-Max,5
1785,05-01-2022,28-12-2021,326,0,MAX,7
1786,05-01-2022,28-11-2021,1,0,Non-Max,3
1787,05-01-2022,16-11-2021,424,0,MAX,4
1788,05-01-2022,25-11-2021,93,0,Non-Max,10
1789,05-01-2022,09-02-2022,315,747,Non-Max,6
1790,05-01-2022,29-11-2021,498,0,Non-Max,8
1791,05-01-2022,15-01-2022,498,0,MAX,3
1792,05-01-2022,01-01-2022,475,0,Non-Max,9
1793,05-01-2022,17-12-2021,56,0,MAX,6
1794,05-01-2022,02-01-2022,474,0,MAX,4
1795,05-01-2022,06-01-2022,90,0,MAX,8
1796,06-01-2022,25-01-2022,460,485,MAX,3
1797,06-01-2022,21-12-2021,171,0,MAX,8
1798,06-01-2022,04-01-2022,80,0,MAX,7
1799,06-01-2022,15-02-2022,66,191,MAX,9
1800,06-01-2022,09-11-2021,109,0,MAX,7
1801,06-01-2022,18-11-2021,172,0,MAX,9
1802,06-01-2022,27-12-2021,475,0,Non-Max,3
1803,06-01-2022,28-11-2021,41,0,MAX,5
1804,06-01-2022,29-12-2021,100,0,MAX,10
1805,06-01-2022,21-12-2021,30,0,Non-Max,4
1806,06-01-2022,20-12-2021,5,0,MAX,10
1807,06-01-2022,02-12-2021,329,0,MAX,5
1808,06-01-2022,27-01-2022,386,315,Non-Max,10
1809,06-01-2022,15-12-2021,179,0,Non-Max,7
1810,06-01-2022,07-12-2021,269,0,MAX,6
1811,06-01-2022,21-01-2022,210,2,Non-Max,6
1812,06-01-2022,20-01-2022,464,815,Non-Max,4
1813,06-01-2022,29-01-2022,207,965,Non-Max,6
1814,06-01-2022,07-01-2022,55,0,Non-Max,6
1815,06-01-2022,15-12-2021,497,0,MAX,7
1816,06-01-2022,24-11-2021,406,0,MAX,6
1817,06-01-2022,01-12-2021,136,0,Non-Max,8
1818,06-01-2022,08-01-2022,442,0,MAX,8
1819,06-01-2022,01-12-2021,396,0,Non-Max,3
1820,06-01-2022,13-11-2021,204,0,Non-Max,5
1821,06-01-2022,06-12-2021,301,0,Non-Max,4
1822,06-01-2022,05-12-2021,309,0,MAX,5
1823,06-01-2022,21-11-2021,21,0,MAX,7
1824,06-01-2022,24-01-2022,27,155,Non-Max,9
1825,06-01-2022,28-01-2022,334,197,Non-Max,6
1826,06-01-2022,19-12-2021,428,0,Non-Max,3
1827,06-01-2022,12-01-2022,126,0,Non-Max,9
1828,06-01-2022,29-11-2021,256,0,MAX,7
1829,06-01-2022,03-02-2022,440,834,Non-Max,9
1830,06-01-2022,26-12-2021,355,0,MAX,6
1831,06-01-2022,07-02-2022,218,728,MAX,6
1832,06-01-2022,19-12-2021,76,0,Non-Max,5
1833,06-01-2022,21-12-2021,16,0,MAX,6
1834,06-01-2022,16-12-2021,126,0,Non-Max,8
1835,06-01-2022,09-02-2022,323,405,Non-Max,9
1836,06-01-2022,21-01-2022,83,822,MAX,3
1837,06-01-2022,17-12-2021,279,0,Non-Max,9
1838,06-01-2022,13-12-2021,233,0,MAX,4
1839,06-01-2022,29-12-2021,143,0,Non-Max,10
1840,06-01-2022,23-12-2021,174,0,MAX,3
1841,06-01-2022,21-12-2021,441,0,Non-Max,8
1842,06-01-2022,12-01-2022,202,0,MAX,10
1843,06-01-2022,10-11-2021,167,0,Non-Max,10
1844,06-01-2022,08-11-2021,233,0,MAX,4
1845,06-01-2022,19-11-2021,499,0,Non-Max,7
1846,06-01-2022,14-01-2022,141,0,MAX,3
1847,06-01-2022,24-12-2021,434,0,MAX,9
1848,07-01-2022,18-12-2021,221,0,MAX,9
1849,07-01-2022,01-12-2021,326,0,MAX,7
1850,07-01-2022,16-11-2021,489,0,Non-Max,3
1851,07-01-2022,06-02-2022,58,818,Non-Max,7
1852,07-01-2022,08-01-2022,255,0,Non-Max,4
1853,07-01-2022,29-01-2022,405,934,MAX,9
1854,07-01-2022,13-01-2022,385,0,MAX,6
1855,08-01-2022,03-01-2022,400,0,MAX,8
1856,08-01-2022,28-01-2022,403,3,Non-Max,4
1857,08-01-2022,02-02-2022,348,718,Non-Max,5
1858,08-01-2022,10-12-2021,94,0,MAX,7
1859,08-01-2022,24-12-2021,25,0,Non-Max,7
1860,08-01-2022,31-12-2021,252,0,MAX,8
1861,08-01-2022,01-02-2022,4,956,Non-Max,3
1862,08-01-2022,18-11-2021,290,0,MAX,7
1863,08-01-2022,11-01-2022,179,0,Non-Max,5
1864,08-01-2022,03-12-2021,16,0,Non-Max,4
1865,08-01-2022,14-11-2021,263,0,Non-Max,9
1866,08-01-2022,12-11-2021,93,0,MAX,4
1867,08-01-2022,13-11-2021,429,0,MAX,7
1868,08-01-2022,07-02-2022,19,225,Non-Max,6
1869,08-01-2022,24-11-2021,327,0,Non-Max,3
1870,08-01-2022,15-01-2022,488,0,Non-Max,3
1871,08-01-2022,13-12-2021,338,0,MAX,8
1872,08-01-2022,13-11-2021,231,0,Non-Max,8
1873,08-01-2022,09-01-2022,457,0,MAX,4
1874,08-01-2022,29-11-2021,439,0,Non-Max,3
1875,08-01-2022,15-01-2022,108,0,Non-Max,7
1876,08-01-2022,08-12-2021,366,0,Non-Max,8
1877,08-01-2022,07-11-2021,256,0,MAX,8
1878,08-01-2022,18-01-2022,166,36,MAX,10
1879,08-01-2022,14-11-2021,249,0,MAX,8
1880,08-01-2022,02-01-2022,304,0,Non-Max,10
1881,08-01-2022,02-12-2021,175,0,MAX,6
1882,08-01-2022,29-11-2021,43,0,MAX,4
1883,08-01-2022,22-11-2021,440,0,Non-Max,8
1884,08-01-2022,03-12-2021,361,0,MAX,4
1885,08-01-2022,01-01-2022,147,0,Non-Max,6
1886,08-01-2022,28-12-2021,75,0,Non-Max,8
1887,08-01-2022,12-12-2021,278,0,Non-Max,8
1888,08-01-2022,08-11-2021,454,0,Non-Max,3
1889,08-01-2022,08-01-2022,61,0,MAX,7
1890,08-01-2022,14-12-2021,424,0,MAX,5
1891,08-01-2022,21-12-2021,161,0,Non-Max,8
1892,08-01-2022,19-01-2022,448,144,MAX,3
1893,08-01-2022,11-02-2022,294,75,Non-Max,3
1894,08-01-2022,20-01-2022,374,131,Non-Max,6
1895,08-01-2022,29-12-2021,17,0,Non-Max,4
1896,08-01-2022,19-01-2022,397,89,Non-Max,6
1897,08-01-2022,07-12-2021,292,0,Non-Max,7
1898,08-01-2022,21-11-2021,417,0,MAX,4
1899,08-01-2022,07-11-2021,227,0,Non-Max,8
1900,08-01-2022,14-01-2022,123,0,Non-Max,5
1901,08-01-2022,22-12-2021,0,0,MAX,9
1902,08-01-2022,29-12-2021,23,0,Non-Max,4
1903,08-01-2022,21-01-2022,321,907,MAX,7
1904,08-01-2022,01-01-2022,306,0,Non-Max,4
1905,08-01-2022,30-01-2022,82,954,MAX,4
1906,08-01-2022,23-12-2021,289,0,Non-Max,5
1907,08-01-2022,31-12-2021,296,0,Non-Max,9
1908,08-01-2022,24-12-2021,99,0,Non-Max,7
1909,08-01-2022,11-11-2021,34,0,MAX,7
1910,08-01-2022,08-11-2021,237,0,MAX,7
1911,08-01-2022,22-11-2021,398,0,MAX,6
1912,08-01-2022,27-11-2021,49,0,MAX,7
1913,08-01-2022,29-01-2022,127,233,MAX,5
1914,08-01-2022,08-11-2021,61,0,Non-Max,7
1915,08-01-2022,28-01-2022,124,835,Non-Max,4
1916,08-01-2022,06-12-2021,5,0,Non-Max,7
1917,08-01-2022,18-12-2021,91,0,Non-Max,8
1918,08-01-2022,17-01-2022,25,702,Non-Max,4
1919,08-01-2022,14-11-2021,112,0,MAX,6
1920,08-01-2022,10-02-2022,153,142,MAX,3
1921,08-01-2022,28-01-2022,326,701,Non-Max,8
1922,08-01-2022,07-02-2022,62,702,MAX,4
1923,08-01-2022,05-01-2022,166,0,MAX,10
1924,08-01-2022,18-11-2021,348,0,Non-Max,7
1925,08-01-2022,20-01-2022,372,511,MAX,7
1926,08-01-2022,02-01-2022,461,0,MAX,8
1927,08-01-2022,21-01-2022,355,869,MAX,8
1928,08-01-2022,02-12-2021,151,0,Non-Max,7
1929,08-01-2022,12-02-2022,59,775,Non-Max,9
1930,08-01-2022,25-11-2021,151,0,Non-Max,10
1931,08-01-2022,12-12-2021,329,0,Non-Max,5
1932,08-01-2022,24-11-2021,369,0,MAX,4
1933,08-01-2022,25-01-2022,321,877,Non-Max,4
1934,08-01-2022,31-01-2022,449,70,Non-Max,4
1935,08-01-2022,18-12-2021,401,0,Non-Max,4
1936,08-01-2022,17-01-2022,161,28,Non-Max,9
1937,08-01-2022,22-12-2021,16,0,Non-Max,9
1938,08-01-2022,24-11-2021,186,0,Non-Max,9
1939,08-01-2022,24-12-2021,118,0,Non-Max,7
1940,08-01-2022,31-01-2022,303,713,MAX,3
1941,08-01-2022,09-01-2022,280,0,Non-Max,3
1942,08-01-2022,26-11-2021,401,0,MAX,7
1943,08-01-2022,27-12-2021,40,0,Non-Max,4
1944,08-01-2022,29-12-2021,340,0,MAX,9
1945,08-01-2022,28-01-2022,444,839,MAX,6
1946,08-01-2022,15-12-2021,315,0,MAX,10
1947,08-01-2022,05-01-2022,480,0,Non-Max,4
1948,08-01-2022,12-01-2022,230,0,MAX,3
1949,08-01-2022,07-01-2022,492,0,MAX,7
1950,08-01-2022,19-01-2022,75,646,MAX,7
1951,08-01-2022,14-01-2022,26,0,MAX,9
1952,08-01-2022,15-02-2022,481,227,Non-Max,6
1953,08-01-2022,02-02-2022,485,441,Non-Max,7
1954,08-01-2022,09-02-2022,193,829,MAX,7
1955,08-01-2022,22-01-2022,196,887,Non-Max,7
1956,08-01-2022,08-01-2022,240,0,Non-Max,6
1957,08-01-2022,11-01-2022,209,0,Non-Max,9
1958,08-01-2022,10-01-2022,394,0,Non-Max,9
1959,08-01-2022,28-12-2021,129,0,MAX,3
1960,08-01-2022,27-01-2022,114,733,Non-Max,4
1961,08-01-2022,11-01-2022,77,0,MAX,4
1962,08-01-2022,11-11-2021,492,0,MAX,7
1963,08-01-2022,24-11-2021,491,0,MAX,4
1964,08-01-2022,05-12-2021,275,0,Non-Max,8
1965,08-01-2022,18-01-2022,239,889,MAX,3
1966,08-01-2022,14-11-2021,353,0,Non-Max,8
1967,08-01-2022,11-11-2021,214,0,Non-Max,7
1968,08-01-2022,17-12-2021,66,0,MAX,6
1969,08-01-2022,11-01-2022,217,0,Non-Max,5
1970,08-01-2022,31-01-2022,99,826,MAX,10
1971,08-01-2022,24-11-2021,149,0,MAX,5
1972,08-01-2022,07-02-2022,194,101,Non-Max,6
1973,08-01-2022,09-12-2021,393,0,MAX,6
1974,08-01-2022,08-11-2021,160,0,MAX,4
1975,08-01-2022,01-12-2021,452,0,Non-Max,3
1976,08-01-2022,02-02-2022,145,99,Non-Max,5
1977,08-01-2022,08-02-2022,286,287,MAX,8
1978,08-01-2022,27-01-2022,399,65,Non-Max,7
1979,08-01-2022,10-12-2021,108,0,MAX,7
1980,08-01-2022,05-12-2021,254,0,MAX,9
1981,08-01-2022,11-12-2021,42,0,Non-Max,4
1982,08-01-2022,01-12-2021,372,0,MAX,4
1983,08-01-2022,18-11-2021,176,0,MAX,8
1984,08-01-2022,23-01-2022,54,673,Non-Max,4
1985,08-01-2022,26-01-2022,269,10,Non-Max,7
1986,08-01-2022,19-01-2022,125,153,MAX,6
1987,08-01-2022,13-01-2022,398,0,Non-Max,3
1988,08-01-2022,13-12-2021,214,0,Non-Max,5
1989,08-01-2022,22-12-2021,194,0,Non-Max,9
1990,08-01-2022,20-01-2022,119,329,Non-Max,10
1991,08-01-2022,09-01-2022,453,0,Non-Max,10
1992,08-01-2022,02-12-2021,472,0,MAX,9
1993,08-01-2022,16-01-2022,375,507,Non-Max,5
1994,08-01-2022,05-12-2021,376,0,Non-Max,6
1995,08-01-2022,19-01-2022,479,872,MAX,5
1996,08-01-2022,11-11-2021,3,0,MAX,5
1997,08-01-2022,06-02-2022,245,125,MAX,9
1998,08-01-2022,22-11-2021,133,0,MAX,9
1999,08-01-2022,24-12-2021,114,0,Non-Max,5
2000,08-01-2022,28-01-2022,13,279,Non-Max,7
2001,08-01-2022,26-12-2021,239,0,MAX,3
2002,08-01-2022,18-01-2022,36,328,Non-Max,10
2003,08-01-2022,19-01-2022,274,855,Non-Max,3
2004,08-01-2022,24-01-2022,454,293,MAX,6
2005,08-01-2022,24-12-2021,397,0,Non-Max,3
2006,08-01-2022,06-01-2022,110,0,MAX,8
2007,08-01-2022,19-12-2021,99,0,MAX,7
2008,08-01-2022,31-12-2021,436,0,MAX,3
2009,08-01-2022,09-12-2021,68,0,MAX,5
2010,08-01-2022,07-02-2022,199,457,Non-Max,9
2011,08-01-2022,26-11-2021,283,0,Non-Max,3
2012,08-01-2022,07-02-2022,158,801,Non-Max,7
2013,08-01-2022,25-01-2022,71,874,Non-Max,3
2014,08-01-2022,26-11-2021,90,0,Non-Max,4
2015,08-01-2022,14-01-2022,486,0,MAX,5
2016,08-01-2022,26-12-2021,122,0,Non-Max,8
2017,08-01-2022,07-02-2022,124,180,Non-Max,4
2018,08-01-2022,12-01-2022,444,0,Non-Max,4
2019,08-01-2022,24-12-2021,334,0,Non-Max,9
2020,08-01-2022,24-12-2021,486,0,Non-Max,10
2021,08-01-2022,25-12-2021,306,0,MAX,9
2022,08-01-2022,19-12-2021,110,0,Non-Max,5
2023,08-01-2022,19-11-2021,215,0,Non-Max,10
2024,08-01-2022,28-01-2022,291,216,MAX,4
2025,08-01-2022,13-02-2022,59,33,MAX,7
2026,08-01-2022,08-11-2021,91,0,MAX,6
2027,08-01-2022,19-01-2022,8,127,MAX,4
2028,08-01-2022,15-12-2021,50,0,MAX,4
2029,08-01-2022,05-01-2022,148,0,MAX,10
2030,08-01-2022,24-11-2021,113,0,MAX,3
2031,08-01-2022,19-01-2022,113,950,MAX,7
2032,08-01-2022,19-12-2021,46,0,Non-Max,6
2033,08-01-2022,02-01-2022,485,0,Non-Max,10
2034,08-01-2022,06-12-2021,436,0,MAX,10
2035,08-01-2022,13-02-2022,79,331,Non-Max,4
2036,08-01-2022,25-11-2021,350,0,Non-Max,10
2037,08-01-2022,06-02-2022,109,760,Non-Max,10
2038,08-01-2022,17-11-2021,214,0,Non-Max,8
2039,08-01-2022,28-12-2021,338,0,Non-Max,8
2040,08-01-2022,04-01-2022,225,0,MAX,7
2041,08-01-2022,19-12-2021,497,0,MAX,10
2042,08-01-2022,14-01-2022,317,0,MAX,7
2043,08-01-2022,14-11-2021,367,0,MAX,5
2044,08-01-2022,11-02-2022,394,154,Non-Max,3
2045,08-01-2022,01-02-2022,237,74,Non-Max,5
2046,08-01-2022,13-12-2021,160,0,Non-Max,9
2047,08-01-2022,03-12-2021,469,0,MAX,8
2048,08-01-2022,09-01-2022,266,0,MAX,7
2049,09-01-2022,19-01-2022,198,989,MAX,3
2050,09-01-2022,06-12-2021,422,0,MAX,8
2051,09-01-2022,06-12-2021,495,0,Non-Max,4
2052,09-01-2022,15-01-2022,249,0,MAX,10
2053,09-01-2022,19-11-2021,293,0,MAX,7
2054,09-01-2022,27-12-2021,382,0,MAX,6
2055,09-01-2022,21-01-2022,498,458,Non-Max,5
2056,09-01-2022,17-11-2021,342,0,MAX,4
2057,09-01-2022,31-12-2021,379,0,MAX,5
2058,09-01-2022,01-12-2021,276,0,Non-Max,8
2059,10-01-2022,06-12-2021,479,0,Non-Max,10
2060,10-01-2022,31-01-2022,171,127,Non-Max,3
2061,10-01-2022,09-12-2021,430,0,MAX,5
2062,10-01-2022,10-12-2021,452,0,Non-Max,4
2063,10-01-2022,23-12-2021,301,0,MAX,7
2064,10-01-2022,21-01-2022,280,212,Non-Max,9
2065,10-01-2022,30-12-2021,443,0,MAX,4
2066,10-01-2022,28-01-2022,37,789,MAX,4
2067,10-01-2022,12-12-2021,490,0,Non-Max,9
2068,10-01-2022,22-12-2021,43,0,Non-Max,10
2069,10-01-2022,21-12-2021,134,0,Non-Max,10
2070,10-01-2022,18-11-2021,328,0,Non-Max,7
2071,10-01-2022,31-01-2022,50,859,Non-Max,10
2072,10-01-2022,19-01-2022,228,725,MAX,3
2073,10-01-2022,10-12-2021,170,0,Non-Max,6
2074,10-01-2022,02-02-2022,270,627,MAX,6
2075,10-01-2022,06-02-2022,40,65,Non-Max,7
2076,10-01-2022,03-12-2021,199,0,MAX,10
2077,10-01-2022,02-02-2022,276,333,MAX,5
2078,10-01-2022,18-01-2022,127,633,MAX,3
2079,10-01-2022,15-02-2022,397,197,Non-Max,6
2080,10-01-2022,24-12-2021,342,0,MAX,7
2081,10-01-2022,24-01-2022,325,974,MAX,3
2082,10-01-2022,24-12-2021,309,0,MAX,8
2083,10-01-2022,04-12-2021,446,0,Non-Max,10
2084,10-01-2022,09-12-2021,154,0,Non-Max,4
2085,10-01-2022,13-12-2021,116,0,Non-Max,5
2086,10-01-2022,23-01-2022,208,722,Non-Max,10
2087,10-01-2022,10-11-2021,396,0,MAX,3
2088,10-01-2022,04-01-2022,375,0,Non-Max,4
2089,10-01-2022,20-12-2021,228,0,MAX,8
2090,10-01-2022,22-12-2021,352,0,MAX,5
2091,10-01-2022,28-01-2022,266,336,Non-Max,9
2092,10-01-2022,03-12-2021,261,0,Non-Max,5
2093,10-01-2022,30-12-2021,210,0,MAX,9
2094,10-01-2022,11-01-2022,58,0,Non-Max,8
2095,10-01-2022,28-12-2021,70,0,Non-Max,8
2096,10-01-2022,28-11-2021,10,0,MAX,5
2097,10-01-2022,16-01-2022,184,985,Non-Max,4
2098,10-01-2022,07-11-2021,181,0,MAX,4
2099,10-01-2022,24-01-2022,187,747,Non-Max,10
2100,10-01-2022,04-02-2022,398,931,MAX,9
2101,10-01-2022,04-12-2021,419,0,MAX,9
2102,10-01-2022,11-01-2022,477,0,Non-Max,9
2103,10-01-2022,16-11-2021,264,0,MAX,7
2104,10-01-2022,15-01-2022,33,0,MAX,7
2105,10-01-2022,06-02-2022,286,125,Non-Max,4
2106,10-01-2022,26-12-2021,140,0,MAX,8
2107,10-01-2022,05-02-2022,7,592,Non-Max,7
2108,10-01-2022,12-01-2022,262,0,Non-Max,10
2109,10-01-2022,15-12-2021,82,0,Non-Max,5
2110,10-01-2022,14-11-2021,307,0,Non-Max,6
2111,10-01-2022,09-02-2022,154,156,Non-Max,10
2112,10-01-2022,08-02-2022,242,76,Non-Max,3
2113,10-01-2022,29-11-2021,392,0,MAX,7
2114,10-01-2022,18-01-2022,353,61,MAX,10
2115,10-01-2022,30-11-2021,225,0,MAX,4
2116,10-01-2022,16-12-2021,151,0,MAX,4
2117,10-01-2022,30-11-2021,422,0,MAX,7
2118,10-01-2022,05-12-2021,442,0,Non-Max,7
2119,10-01-2022,13-12-2021,384,0,Non-Max,8
2120,10-01-2022,15-02-2022,140,304,Non-Max,6
2121,10-01-2022,18-12-2021,139,0,Non-Max,7
2122,10-01-2022,30-11-2021,243,0,MAX,5
2123,10-01-2022,07-01-2022,250,0,MAX,6
2124,10-01-2022,27-01-2022,436,723,MAX,5
2125,10-01-2022,04-02-2022,461,94,MAX,9
2126,10-01-2022,17-01-2022,491,814,Non-Max,6
2127,10-01-2022,23-12-2021,257,0,MAX,7
2128,10-01-2022,04-02-2022,369,233,MAX,7
2129,10-01-2022,01-02-2022,144,24,Non-Max,7
2130,10-01-2022,26-11-2021,250,0,Non-Max,7
2131,10-01-2022,30-12-2021,311,0,MAX,7
2132,10-01-2022,16-01-2022,3,967,MAX,8
2133,10-01-2022,24-01-2022,324,957,MAX,8
2134,10-01-2022,05-02-2022,19,428,MAX,6
2135,10-01-2022,11-11-2021,283,0,MAX,7
2136,10-01-2022,04-01-2022,416,0,Non-Max,3
2137,10-01-2022,09-01-2022,167,0,Non-Max,9
2138,10-01-2022,17-11-2021,490,0,MAX,7
2139,10-01-2022,31-01-2022,437,553,Non-Max,10
2140,10-01-2022,01-01-2022,239,0,MAX,4
2141,10-01-2022,15-11-2021,445,0,Non-Max,5
2142,10-01-2022,01-02-2022,111,529,Non-Max,5
2143,10-01-2022,20-12-2021,371,0,MAX,9
2144,10-01-2022,05-02-2022,493,411,Non-Max,6
2145,10-01-2022,14-11-2021,126,0,MAX,9
2146,10-01-2022,27-01-2022,496,959,MAX,6
2147,10-01-2022,29-11-2021,113,0,MAX,10
2148,10-01-2022,22-01-2022,38,329,Non-Max,10
2149,10-01-2022,28-01-2022,90,158,Non-Max,10
2150,10-01-2022,28-12-2021,166,0,MAX,8
2151,10-01-2022,03-02-2022,423,164,MAX,6
2152,10-01-2022,01-12-2021,271,0,Non-Max,8
2153,10-01-2022,26-12-2021,124,0,MAX,3
2154,10-01-2022,31-01-2022,221,723,Non-Max,10
2155,10-01-2022,02-02-2022,159,742,Non-Max,7
2156,10-01-2022,22-01-2022,212,661,Non-Max,4
2157,10-01-2022,08-01-2022,405,0,MAX,10
2158,10-01-2022,29-11-2021,389,0,MAX,7
2159,10-01-2022,29-12-2021,322,0,Non-Max,3
2160,10-01-2022,29-01-2022,292,798,MAX,9
2161,10-01-2022,12-12-2021,410,0,MAX,4
